index,Penalty,Volume,"Comp/LoadCase 1 ""2L""","Comp/LoadCase 2 ""4L""",Compliance/MAX,Mass,Sens/Volume_Min,Sens/Volume_Ave,Sens/Volume_Max,Sens/Compl._Min,Sens/Compl._Ave,Sens/Compl._Max,Freedom Min,Freedom Ave,Freedom Max,SPOT Iterations,Density Mid%,BoundDensityMin%,Density Low%,Density High%,BoundDensityMax%,Convergence,RJ/_Volume_Min,RJ/_Volume_Ave,RJ/_Volume_Max,RJ/_Compl._Min,RJ/_Compl._Ave,RJ/_Compl._Max,Iteration Time,Optimizer Time
1,1.0,1200000000.0,705.556,705.556,705.556,9446.4,250000.0,250000.0,250000.0,1.51e-06,0.1456,35.95,0.999,0.999,0.999,49.0,33.0,0.0,2.0,2.0,1.9,35.0,2.972,2.972,2.972,0.9426,0.9426,0.9426,1.0,1.0
2,1.0,420000000.0,1268.09,1268.09,1268.09,3306.24,250000.0,250000.0,250000.0,0.0001446,0.5937,36.42,0.999,0.999,0.999,32.0,32.4,0.4,3.2,2.6,2.3,94.98,0.7654,0.7654,0.7654,0.4875,0.4875,0.4875,0.0,0.0
3,1.0,420000000.0,1216.87,1216.86,1216.87,3306.24,250000.0,250000.0,250000.0,0.0001356,0.5677,36.44,0.999,0.999,0.999,32.0,29.7,0.7,4.1,5.2,4.2,97.0,0.7698,0.7698,0.7698,0.495,0.495,0.495,1.0,0.0
4,1.0,420000000.0,1195.95,1195.95,1195.95,3306.24,250000.0,250000.0,250000.0,7.048e-05,0.5603,36.45,0.999,0.999,0.999,32.0,28.0,1.0,4.9,6.9,5.9,98.17,0.7572,0.7572,0.7572,0.4979,0.4979,0.4979,1.0,0.0
5,1.0,420000000.0,1186.92,1186.91,1186.92,3306.24,250000.0,250000.0,250000.0,4.968e-05,0.5566,36.44,0.999,0.999,0.999,25.0,26.4,1.3,5.6,8.5,7.7,98.77,0.7491,0.7491,0.7491,0.4989,0.4989,0.4989,0.0,0.0
6,1.0,420007000.0,1182.18,1182.17,1182.18,3306.29,250000.0,250000.0,250000.0,3.852e-05,0.5548,36.44,0.999,0.999,0.999,32.0,25.7,1.6,6.2,9.2,8.5,99.14,0.7431,0.7431,0.7431,0.4994,0.4994,0.4994,1.0,0.0
7,1.0,420003000.0,1179.55,1179.54,1179.55,3306.26,250000.0,250000.0,250000.0,3.608e-05,0.5537,36.44,0.999,0.999,0.999,33.0,25.5,2.0,6.8,9.5,9.1,99.35,0.7406,0.7406,0.7406,0.4996,0.4996,0.4996,1.0,0.0
8,1.0,420000000.0,1177.82,1177.82,1177.82,3306.24,250000.0,250000.0,250000.0,3.392e-05,0.553,36.44,0.999,0.999,0.999,32.0,25.3,2.2,7.2,9.6,9.3,99.48,0.7395,0.7395,0.7395,0.4997,0.4997,0.4997,0.0,0.0
9,1.0,420000000.0,1176.57,1176.57,1176.57,3306.24,250000.0,250000.0,250000.0,3.276e-05,0.5528,36.43,0.999,0.999,0.999,31.0,25.1,2.5,7.6,9.8,9.5,99.57,0.7391,0.7391,0.7391,0.4998,0.4998,0.4998,1.0,0.0
10,1.0,420000000.0,1175.62,1175.62,1175.62,3306.24,250000.0,250000.0,250000.0,3.229e-05,0.5527,36.43,0.999,0.999,0.999,32.0,24.9,2.8,8.0,10.0,9.5,99.64,0.739,0.739,0.739,0.4999,0.4999,0.4999,1.0,0.0
11,1.0,420000000.0,1174.89,1174.89,1174.89,3306.24,250000.0,250000.0,250000.0,3.264e-05,0.5528,36.43,0.999,0.999,0.999,33.0,24.8,3.0,8.3,10.1,9.6,99.69,0.7389,0.7389,0.7389,0.4999,0.4999,0.4999,1.0,0.0
12,1.0,420000000.0,1174.3,1174.3,1174.3,3306.24,250000.0,250000.0,250000.0,3.101e-05,0.553,36.43,0.999,0.999,0.999,33.0,24.6,3.2,8.5,10.3,9.7,99.73,0.7389,0.7389,0.7389,0.4999,0.4999,0.4999,0.0,0.0
13,1.0,420000000.0,1173.83,1173.83,1173.83,3306.24,250000.0,250000.0,250000.0,3.096e-05,0.5532,36.43,0.999,0.999,0.999,33.0,24.5,3.5,8.9,10.4,9.7,99.77,0.7389,0.7389,0.7389,0.4999,0.4999,0.4999,1.0,0.0
14,1.0,420000000.0,1173.44,1173.44,1173.44,3306.24,250000.0,250000.0,250000.0,3.108e-05,0.5533,36.43,0.999,0.999,0.999,32.0,24.3,3.6,9.0,10.6,9.9,99.8,0.7388,0.7388,0.7388,0.4999,0.4999,0.5,1.0,0.0
15,1.0,420001000.0,1173.11,1173.12,1173.12,3306.24,250000.0,250000.0,250000.0,3.073e-05,0.5535,36.43,0.999,0.999,0.999,32.0,24.3,3.8,9.2,10.6,9.9,99.82,0.7388,0.7388,0.7388,0.4999,0.5,0.5,0.0,0.0
16,1.0,420000000.0,1172.84,1172.84,1172.84,3306.24,250000.0,250000.0,250000.0,3.08e-05,0.5537,36.43,0.999,0.999,0.999,32.0,24.2,4.0,9.4,10.7,9.9,99.84,0.7388,0.7388,0.7388,0.5,0.5,0.5,1.0,0.0
17,1.0,420000000.0,1172.61,1172.61,1172.61,3306.24,250000.0,250000.0,250000.0,3.054e-05,0.5538,36.43,0.999,0.999,0.999,32.0,24.2,4.1,9.5,10.7,9.9,99.86,0.7387,0.7387,0.7387,0.5,0.5,0.5,1.0,0.0
18,1.0,420000000.0,1172.41,1172.41,1172.41,3306.24,250000.0,250000.0,250000.0,2.991e-05,0.554,36.42,0.999,0.999,0.999,32.0,24.2,4.2,9.7,10.7,10.0,99.88,0.7387,0.7387,0.7387,0.5,0.5,0.5,1.0,0.0
19,1.0,420000000.0,1172.24,1172.25,1172.25,3306.24,250000.0,250000.0,250000.0,2.961e-05,0.5541,36.42,0.999,0.999,0.999,32.0,24.2,4.3,10.0,10.7,10.0,99.89,0.7386,0.7386,0.7386,0.5,0.5,0.5,0.0,0.0
20,1.0,420000000.0,1172.1,1172.1,1172.1,3306.24,250000.0,250000.0,250000.0,2.964e-05,0.5542,36.42,0.999,0.999,0.999,32.0,24.2,4.5,10.0,10.8,10.0,99.9,0.7386,0.7386,0.7386,0.5,0.5,0.5,1.0,0.0
21,1.0,420000000.0,1171.97,1171.97,1171.97,3306.24,250000.0,250000.0,250000.0,2.973e-05,0.5544,36.42,0.999,0.999,0.999,32.0,24.2,4.6,10.2,10.8,10.0,99.91,0.7385,0.7385,0.7385,0.5,0.5,0.5,1.0,0.0
22,1.0,420000000.0,1171.86,1171.86,1171.86,3306.24,250000.0,250000.0,250000.0,2.961e-05,0.5545,36.42,0.999,0.999,0.999,33.0,24.2,4.6,10.2,10.8,10.0,99.92,0.7385,0.7385,0.7385,0.5,0.5,0.5,1.0,0.0
23,1.0,420001000.0,1171.76,1171.76,1171.76,3306.24,250000.0,250000.0,250000.0,2.942e-05,0.5546,36.42,0.999,0.999,0.999,32.0,24.2,4.7,10.3,10.8,10.0,99.93,0.7385,0.7385,0.7385,0.5,0.5,0.5,0.0,0.0
24,1.0,420001000.0,1171.67,1171.67,1171.67,3306.25,250000.0,250000.0,250000.0,2.934e-05,0.5547,36.42,0.999,0.999,0.999,32.0,24.1,4.8,10.3,10.8,10.0,99.93,0.7384,0.7384,0.7384,0.5,0.5,0.5,1.0,0.0
25,1.0,420001000.0,1171.59,1171.59,1171.59,3306.25,250000.0,250000.0,250000.0,2.929e-05,0.5548,36.42,0.999,0.999,0.999,32.0,24.1,4.9,10.4,10.8,10.0,99.94,0.7384,0.7384,0.7384,0.5,0.5,0.5,1.0,0.0
26,1.0,420001000.0,1171.52,1171.52,1171.52,3306.25,250000.0,250000.0,250000.0,2.926e-05,0.5549,36.42,0.999,0.999,0.999,32.0,24.1,5.0,10.5,10.8,10.0,99.95,0.7383,0.7383,0.7383,0.5,0.5,0.5,1.0,0.0
27,1.0,420001000.0,1171.46,1171.46,1171.46,3306.25,250000.0,250000.0,250000.0,2.927e-05,0.555,36.42,0.999,0.999,0.999,32.0,24.1,5.1,10.5,10.8,10.0,99.95,0.7383,0.7383,0.7383,0.5,0.5,0.5,0.0,0.0
28,1.0,420001000.0,1171.41,1171.4,1171.41,3306.25,250000.0,250000.0,250000.0,2.921e-05,0.5551,36.42,0.999,0.999,0.999,33.0,24.1,5.1,10.6,10.9,10.0,99.95,0.7383,0.7383,0.7383,0.5,0.5,0.5,1.0,0.0
29,1.0,420001000.0,1171.35,1171.36,1171.36,3306.25,250000.0,250000.0,250000.0,2.91e-05,0.5551,36.42,0.999,0.999,0.999,33.0,24.0,5.2,10.7,10.9,10.0,99.96,0.7382,0.7382,0.7382,0.5,0.5,0.5,1.0,0.0
30,1.0,420001000.0,1171.31,1171.31,1171.31,3306.25,250000.0,250000.0,250000.0,2.89e-05,0.5552,36.42,0.999,0.999,0.999,33.0,24.0,5.3,10.7,10.9,10.0,99.96,0.7382,0.7382,0.7382,0.5,0.5,0.5,1.0,0.0
31,1.5,0.0,1522.89,1522.9,1522.9,3306.24,250000.0,250000.0,250000.0,2.278e-06,1.125,54.85,0.999,0.999,0.999,30.0,24.7,6.8,12.0,10.2,8.9,97.36,1.169,1.169,1.169,0.4929,0.4929,0.4929,nan,nan
32,1.5,420001000.0,1491.08,1491.09,1491.09,3306.24,250000.0,250000.0,250000.0,2.165e-06,0.9973,54.85,0.999,0.999,0.999,26.0,24.0,8.0,12.9,11.0,10.1,98.76,1.148,1.148,1.148,0.4978,0.4978,0.4978,nan,nan
33,1.5,420000000.0,1477.19,1477.19,1477.19,3306.02,250000.0,250000.0,250000.0,1.879e-06,0.9712,54.84,0.999,0.999,0.999,26.0,23.0,9.2,13.7,12.0,10.9,99.04,1.129,1.129,1.129,0.4983,0.4983,0.4984,nan,nan
34,1.5,419972000.0,1466.28,1466.26,1466.28,3305.99,250000.0,250000.0,250000.0,1.639e-06,0.9511,54.83,0.999,0.999,0.999,25.0,21.4,10.2,14.4,13.6,11.9,99.2,1.116,1.116,1.116,0.4986,0.4987,0.4987,nan,nan
35,1.5,419968000.0,1457.36,1457.33,1457.36,3305.97,250000.0,250000.0,250000.0,1.492e-06,0.9362,54.82,0.999,0.999,0.999,26.0,20.3,11.1,15.1,14.7,13.6,99.36,1.102,1.102,1.102,0.4989,0.499,0.499,nan,nan
36,1.5,419965000.0,1450.43,1450.41,1450.43,3306.01,250000.0,250000.0,250000.0,1.375e-06,0.924,54.82,0.999,0.999,0.999,32.0,19.7,11.9,15.5,15.2,14.4,99.51,1.092,1.092,1.092,0.4992,0.4992,0.4992,nan,nan
37,1.5,419970000.0,1445.22,1445.21,1445.22,3306.21,250000.0,250000.0,250000.0,1.337e-06,0.9153,54.81,0.999,0.999,0.999,30.0,19.3,12.7,16.0,15.6,14.9,99.62,1.088,1.088,1.088,0.4995,0.4995,0.4995,nan,nan
38,1.5,419996000.0,1441.35,1441.33,1441.35,3306.2,250000.0,250000.0,250000.0,1.282e-06,0.9101,54.8,0.999,0.999,0.999,32.0,18.9,13.1,16.3,16.1,15.4,99.69,1.086,1.086,1.086,0.4996,0.4996,0.4996,nan,nan
39,1.5,419995000.0,1438.36,1438.35,1438.36,3306.18,250000.0,250000.0,250000.0,1.225e-06,0.9068,54.8,0.999,0.999,0.999,33.0,18.7,13.8,16.5,16.2,15.8,99.75,1.085,1.085,1.085,0.4997,0.4997,0.4998,nan,nan
40,1.5,419993000.0,1436.12,1436.11,1436.12,3306.18,250000.0,250000.0,250000.0,1.166e-06,0.9048,54.8,0.999,0.999,0.999,33.0,18.5,14.0,16.7,16.5,15.9,99.79,1.084,1.084,1.084,0.4998,0.4998,0.4998,nan,nan
41,1.5,419993000.0,1434.45,1434.44,1434.45,3306.17,250000.0,250000.0,250000.0,1.154e-06,0.9038,54.79,0.999,0.999,0.999,34.0,18.4,14.2,16.9,16.5,16.0,99.82,1.084,1.084,1.084,0.4999,0.4999,0.4999,nan,nan
42,1.5,419991000.0,1433.16,1433.15,1433.16,3306.17,250000.0,250000.0,250000.0,1.134e-06,0.9034,54.79,0.999,0.999,0.999,33.0,18.3,14.7,17.1,16.7,16.0,99.83,1.085,1.085,1.085,0.4999,0.4999,0.4999,nan,nan
43,1.5,419991000.0,1432.16,1432.15,1432.16,3306.16,250000.0,250000.0,250000.0,1.106e-06,0.9032,54.79,0.999,0.999,0.999,33.0,18.2,14.8,17.2,16.8,16.2,99.84,1.085,1.085,1.085,0.4999,0.4999,0.4999,nan,nan
44,1.5,419990000.0,1431.35,1431.34,1431.35,3306.16,250000.0,250000.0,250000.0,1.091e-06,0.903,54.79,0.999,0.999,0.999,33.0,18.1,15.0,17.3,16.9,16.2,99.85,1.085,1.085,1.085,0.4999,0.4999,0.5,nan,nan
45,1.5,419990000.0,1430.68,1430.67,1430.68,3306.15,250000.0,250000.0,250000.0,1.081e-06,0.9029,54.78,0.999,0.999,0.999,33.0,18.1,15.0,17.3,16.9,16.2,99.86,1.085,1.085,1.085,0.4999,0.4999,0.5,nan,nan
46,1.5,419988000.0,1430.1,1430.08,1430.1,3306.13,250000.0,250000.0,250000.0,1.072e-06,0.9028,54.78,0.999,0.999,0.999,32.0,17.9,15.2,17.3,17.1,16.4,99.86,1.085,1.085,1.085,0.4999,0.4999,0.5,nan,nan
47,1.5,419986000.0,1429.57,1429.56,1429.57,3306.15,250000.0,250000.0,250000.0,1.062e-06,0.9025,54.78,0.999,0.999,0.999,33.0,17.8,15.2,17.4,17.2,16.4,99.87,1.085,1.085,1.085,0.4999,0.5,0.5,nan,nan
48,1.5,419988000.0,1429.11,1429.1,1429.11,3306.14,250000.0,250000.0,250000.0,1.052e-06,0.9022,54.78,0.999,0.999,0.999,33.0,17.8,15.2,17.4,17.2,16.5,99.87,1.085,1.085,1.085,0.4999,0.5,0.5,nan,nan
49,1.5,419987000.0,1428.69,1428.68,1428.69,3306.13,250000.0,250000.0,250000.0,1.042e-06,0.9018,54.78,0.999,0.999,0.999,33.0,17.7,15.3,17.4,17.3,16.5,99.88,1.084,1.084,1.084,0.4999,0.5,0.5,nan,nan
50,1.5,419986000.0,1428.32,1428.3,1428.32,3306.11,250000.0,250000.0,250000.0,1.031e-06,0.9014,54.78,0.999,0.999,0.999,33.0,17.7,15.5,17.4,17.3,16.5,99.88,1.084,1.084,1.084,0.4999,0.5,0.5,nan,nan
51,1.5,419984000.0,1427.98,1427.96,1427.98,3306.1,250000.0,250000.0,250000.0,1.022e-06,0.901,54.77,0.999,0.999,0.999,33.0,17.6,15.5,17.5,17.3,16.6,99.89,1.084,1.084,1.084,0.4999,0.5,0.5,nan,nan
52,1.5,419982000.0,1427.65,1427.63,1427.65,3306.1,250000.0,250000.0,250000.0,1.014e-06,0.9005,54.77,0.999,0.999,0.999,33.0,17.6,15.5,17.5,17.3,16.6,99.89,1.084,1.084,1.084,0.4999,0.5,0.5,nan,nan
53,1.5,419983000.0,1427.35,1427.33,1427.35,3306.1,250000.0,250000.0,250000.0,1.008e-06,0.9,54.77,0.999,0.999,0.999,33.0,17.6,15.7,17.6,17.4,16.7,99.89,1.084,1.084,1.084,0.5,0.5,0.5,nan,nan
54,1.5,419983000.0,1427.05,1427.04,1427.05,3306.12,250000.0,250000.0,250000.0,1.007e-06,0.8995,54.77,0.999,0.999,0.999,34.0,17.5,15.8,17.6,17.5,16.7,99.9,1.083,1.083,1.083,0.4999,0.5,0.5,nan,nan
55,1.5,419984000.0,1426.78,1426.76,1426.78,3306.13,250000.0,250000.0,250000.0,1.008e-06,0.899,54.77,0.999,0.999,0.999,32.0,17.5,15.8,17.7,17.5,16.7,99.9,1.083,1.083,1.083,0.4999,0.5,0.5,nan,nan
56,1.5,419985000.0,1426.53,1426.51,1426.53,3306.11,250000.0,250000.0,250000.0,1.008e-06,0.8985,54.77,0.999,0.999,0.999,34.0,17.6,15.8,17.7,17.4,16.7,99.9,1.083,1.083,1.083,0.4999,0.5,0.5,nan,nan
57,1.5,419983000.0,1426.29,1426.27,1426.29,3306.09,250000.0,250000.0,250000.0,1.009e-06,0.8981,54.77,0.999,0.999,0.999,32.0,17.4,15.8,17.7,17.5,16.7,99.91,1.083,1.083,1.083,0.4999,0.5,0.5,nan,nan
58,1.5,419981000.0,1426.06,1426.04,1426.06,3306.1,250000.0,250000.0,250000.0,1.01e-06,0.8976,54.76,0.999,0.999,0.999,33.0,17.5,15.8,17.8,17.5,16.7,99.91,1.083,1.083,1.083,0.5,0.5,0.5,nan,nan
59,1.5,419982000.0,1425.85,1425.83,1425.85,3306.1,250000.0,250000.0,250000.0,1.011e-06,0.8973,54.76,0.999,0.999,0.999,34.0,17.5,15.9,17.8,17.5,16.6,99.91,1.083,1.083,1.083,0.4999,0.5,0.5,nan,nan
60,1.5,419982000.0,1425.65,1425.63,1425.65,3306.09,250000.0,250000.0,250000.0,1.012e-06,0.8969,54.76,0.999,0.999,0.999,33.0,17.4,15.9,17.8,17.6,16.6,99.92,1.082,1.082,1.082,0.4999,0.5,0.5,nan,nan
61,2.0,419981000.0,1781.13,1781.09,1781.13,3306.09,250000.0,250000.0,250000.0,2.885e-08,1.685,73.16,0.999,0.999,0.999,26.0,19.6,16.2,18.3,15.4,12.4,97.44,1.551,1.551,1.551,0.4899,0.4899,0.49,nan,nan
62,2.0,0.0,1732.24,1732.26,1732.26,3306.38,250000.0,250000.0,250000.0,4.796e-08,1.424,73.17,0.999,0.999,0.999,26.0,18.5,16.8,18.5,16.5,15.8,99.16,1.465,1.465,1.465,0.4984,0.4984,0.4984,nan,nan
63,2.0,419981000.0,1717.64,1717.63,1717.64,3306.25,250000.0,250000.0,250000.0,4.342e-08,1.398,73.15,0.999,0.999,0.999,22.0,18.1,17.0,18.8,16.8,16.3,99.44,1.438,1.438,1.438,0.499,0.499,0.499,nan,nan
64,2.0,420018000.0,1708.0,1708.0,1708.0,3306.27,250000.0,250000.0,250000.0,4.216e-08,1.375,73.14,0.999,0.999,0.999,22.0,17.8,17.2,19.2,17.2,16.6,99.53,1.421,1.421,1.421,0.4991,0.4992,0.4993,nan,nan
65,2.0,420002000.0,1700.81,1700.84,1700.84,3306.43,250000.0,250000.0,250000.0,4.056e-08,1.363,73.14,0.999,0.999,0.999,29.0,17.6,17.4,19.3,17.4,16.7,99.57,1.414,1.414,1.414,0.4994,0.4994,0.4994,nan,nan
66,2.0,420003000.0,1695.49,1695.49,1695.49,3306.24,250000.0,250000.0,250000.0,3.862e-08,1.354,73.13,0.999,0.999,0.999,24.0,17.4,17.8,19.3,17.6,16.9,99.57,1.409,1.409,1.409,0.4993,0.4995,0.4997,nan,nan
67,2.0,420024000.0,1691.2,1691.13,1691.2,3305.94,250000.0,250000.0,250000.0,3.677e-08,1.347,73.12,0.999,0.999,0.999,25.0,17.4,17.9,19.4,17.5,17.2,99.58,1.404,1.404,1.404,0.4992,0.4994,0.4996,nan,nan
68,2.0,420000000.0,1687.02,1687.08,1687.08,3305.99,250000.0,250000.0,250000.0,3.615e-08,1.34,73.11,0.999,0.999,0.999,25.0,17.2,18.0,19.5,17.8,17.2,99.57,1.4,1.4,1.4,0.4993,0.4994,0.4996,nan,nan
69,2.0,419962000.0,1682.96,1682.91,1682.96,3306.02,250000.0,250000.0,250000.0,3.556e-08,1.333,73.1,0.999,0.999,0.999,25.0,17.2,18.0,19.5,17.8,17.2,99.56,1.397,1.397,1.397,0.4993,0.4994,0.4995,nan,nan
70,2.0,419969000.0,1678.49,1678.53,1678.53,3305.99,250000.0,250000.0,250000.0,3.499e-08,1.325,73.09,0.999,0.999,0.999,25.0,17.1,18.1,19.6,17.9,17.3,99.55,1.394,1.394,1.394,0.4992,0.4994,0.4995,nan,nan
71,2.0,419973000.0,1673.65,1673.61,1673.65,3305.97,250000.0,250000.0,250000.0,3.442e-08,1.317,73.09,0.999,0.999,0.999,24.0,17.0,18.1,19.9,18.0,17.4,99.54,1.392,1.392,1.392,0.4992,0.4993,0.4994,nan,nan
72,2.0,419968000.0,1668.4,1668.43,1668.43,3305.99,250000.0,250000.0,250000.0,3.388e-08,1.309,73.08,0.999,0.999,0.999,25.0,16.9,18.2,20.8,18.0,17.5,99.54,1.391,1.391,1.391,0.4992,0.4993,0.4994,nan,nan
73,2.0,419966000.0,1663.12,1663.09,1663.12,3306.03,250000.0,250000.0,250000.0,3.341e-08,1.301,73.07,0.999,0.999,0.999,26.0,16.7,18.3,21.7,18.2,17.6,99.54,1.389,1.389,1.389,0.4992,0.4993,0.4994,nan,nan
74,2.0,419969000.0,1658.03,1658.05,1658.05,3305.99,250000.0,250000.0,250000.0,3.3e-08,1.293,73.07,0.999,0.999,0.999,25.0,16.6,18.4,22.6,18.2,17.6,99.54,1.387,1.387,1.387,0.4993,0.4993,0.4994,nan,nan
75,2.0,419974000.0,1653.3,1653.28,1653.3,3305.94,250000.0,250000.0,250000.0,3.257e-08,1.285,73.06,0.999,0.999,0.999,29.0,16.6,18.4,23.2,18.3,17.6,99.54,1.386,1.386,1.386,0.4993,0.4993,0.4993,nan,nan
76,2.0,419968000.0,1648.58,1648.58,1648.58,3306.24,250000.0,250000.0,250000.0,3.217e-08,1.278,73.06,0.999,0.999,0.999,25.0,16.5,18.5,23.8,18.4,17.6,99.53,1.386,1.386,1.386,0.4994,0.4995,0.4995,nan,nan
77,2.0,419962000.0,1644.52,1644.51,1644.52,3305.92,250000.0,250000.0,250000.0,3.176e-08,1.271,73.05,0.999,0.999,0.999,29.0,16.3,18.6,24.4,18.6,17.7,99.53,1.385,1.385,1.385,0.4993,0.4993,0.4993,nan,nan
78,2.0,420000000.0,1640.26,1640.26,1640.26,3306.24,250000.0,250000.0,250000.0,3.134e-08,1.264,73.05,0.999,0.999,0.999,29.0,16.1,19.1,24.9,18.8,17.8,99.51,1.384,1.384,1.384,0.4994,0.4994,0.4994,nan,nan
79,2.0,419960000.0,1636.38,1636.38,1636.38,3306.24,250000.0,250000.0,250000.0,3.088e-08,1.257,73.05,0.999,0.999,0.999,29.0,16.0,19.4,25.3,18.9,17.8,99.49,1.383,1.383,1.383,0.4994,0.4994,0.4994,nan,nan
80,2.0,420000000.0,1632.5,1632.5,1632.5,3306.24,250000.0,250000.0,250000.0,3.043e-08,1.249,73.04,0.999,0.999,0.999,29.0,16.0,19.8,25.7,18.9,18.0,99.46,1.382,1.382,1.382,0.4994,0.4994,0.4994,nan,nan
81,2.0,420000000.0,1628.48,1628.48,1628.48,3306.24,250000.0,250000.0,250000.0,2.997e-08,1.24,73.04,0.999,0.999,0.999,29.0,16.0,20.2,26.1,18.9,18.2,99.43,1.379,1.379,1.379,0.4993,0.4993,0.4993,nan,nan
82,2.0,420000000.0,1624.12,1624.12,1624.12,3306.24,250000.0,250000.0,250000.0,2.954e-08,1.23,73.04,0.999,0.999,0.999,34.0,15.8,20.6,26.3,19.0,18.3,99.38,1.376,1.376,1.376,0.4992,0.4992,0.4993,nan,nan
83,2.0,420000000.0,1619.23,1619.2,1619.23,3306.1,250000.0,250000.0,250000.0,2.915e-08,1.219,73.04,0.999,0.999,0.999,36.0,15.8,20.8,26.6,19.1,18.5,99.31,1.37,1.37,1.37,0.499,0.4991,0.4991,nan,nan
84,2.0,420000000.0,1613.34,1613.32,1613.34,3306.1,250000.0,250000.0,250000.0,2.878e-08,1.205,73.04,0.999,0.999,0.999,35.0,15.2,21.2,27.2,19.7,18.6,99.24,1.364,1.364,1.364,0.4989,0.4989,0.499,nan,nan
85,2.0,419982000.0,1606.36,1606.33,1606.36,3306.07,250000.0,250000.0,250000.0,2.84e-08,1.189,73.03,0.999,0.999,0.999,35.0,15.0,21.7,27.4,19.9,18.8,99.17,1.355,1.355,1.355,0.4987,0.4987,0.4988,nan,nan
86,2.0,419983000.0,1598.14,1598.11,1598.14,3306.03,250000.0,250000.0,250000.0,2.798e-08,1.17,73.03,0.999,0.999,0.999,33.0,14.5,22.0,27.9,20.4,19.3,99.11,1.342,1.342,1.342,0.4984,0.4985,0.4985,nan,nan
87,2.0,419979000.0,1588.8,1588.79,1588.8,3306.23,250000.0,250000.0,250000.0,2.755e-08,1.149,73.03,0.999,0.999,0.999,35.0,14.0,22.3,28.1,20.9,19.8,99.07,1.327,1.327,1.327,0.4982,0.4983,0.4984,nan,nan
88,2.0,419973000.0,1579.19,1579.21,1579.21,3306.25,250000.0,250000.0,250000.0,2.705e-08,1.129,73.02,0.999,0.999,0.999,33.0,13.2,22.5,28.5,21.7,20.4,99.05,1.313,1.313,1.313,0.4979,0.4981,0.4984,nan,nan
89,2.0,419998000.0,1569.34,1569.29,1569.34,3306.38,250000.0,250000.0,250000.0,2.648e-08,1.111,73.02,0.999,0.999,0.999,33.0,12.6,23.0,28.8,22.3,20.9,99.06,1.3,1.3,1.3,0.4979,0.498,0.4982,nan,nan
90,2.0,420001000.0,1559.59,1559.62,1559.62,3306.37,250000.0,250000.0,250000.0,2.59e-08,1.094,73.01,0.999,0.999,0.999,30.0,12.1,23.2,29.9,22.8,21.5,99.08,1.292,1.292,1.292,0.4979,0.498,0.4981,nan,nan
91,2.5,420018000.0,1675.6,1675.57,1675.6,3306.06,250000.0,250000.0,250000.0,1.058e-09,1.35,91.3,0.999,0.999,0.999,32.0,11.2,24.2,35.3,23.5,22.3,97.86,1.463,1.463,1.463,0.4883,0.4883,0.4883,nan,nan
92,2.5,420017000.0,1617.19,1617.18,1617.19,3306.26,250000.0,250000.0,250000.0,9.457e-10,1.2,91.27,0.999,0.999,0.999,25.0,9.6,24.8,39.8,25.1,24.1,98.34,1.34,1.34,1.34,0.4907,0.4907,0.4908,nan,nan
93,2.5,0.0,1578.09,1578.09,1578.09,3306.26,250000.0,250000.0,250000.0,9.059e-10,1.147,91.24,0.999,0.999,0.999,23.0,8.7,27.2,45.5,26.0,24.8,98.64,1.353,1.353,1.353,0.492,0.492,0.4921,nan,nan
94,2.5,419978000.0,1548.97,1548.98,1548.98,3306.17,250000.0,250000.0,250000.0,8.677e-10,1.106,91.22,0.999,0.999,0.999,23.0,7.9,33.3,50.7,26.7,25.4,98.85,1.368,1.368,1.368,0.4929,0.4929,0.493,nan,nan
95,2.5,420002000.0,1525.23,1525.23,1525.23,3306.19,250000.0,250000.0,250000.0,8.307e-10,1.073,91.2,0.999,0.999,0.999,38.0,7.5,34.7,55.6,27.1,26.1,99.02,1.393,1.393,1.393,0.4932,0.4932,0.4932,nan,nan
96,2.5,420003000.0,1505.03,1505.03,1505.03,3306.24,250000.0,250000.0,250000.0,8.062e-10,1.045,91.18,0.999,0.999,0.999,37.0,7.6,39.1,56.2,27.2,26.3,99.28,1.439,1.439,1.439,0.4946,0.4946,0.4946,nan,nan
97,2.5,419991000.0,1493.19,1493.19,1493.19,3306.24,250000.0,250000.0,250000.0,8.045e-10,1.03,91.17,0.999,0.999,0.999,28.0,7.8,45.9,56.1,27.1,26.0,99.52,1.506,1.506,1.506,0.4973,0.4973,0.4973,nan,nan
98,2.5,419994000.0,1490.11,1490.11,1490.11,3306.24,250000.0,250000.0,250000.0,8.167e-10,1.025,91.16,0.999,0.999,0.999,27.0,8.0,49.8,56.0,26.9,25.7,99.65,1.547,1.547,1.547,0.4987,0.4989,0.4991,nan,nan
99,2.5,420000000.0,1490.3,1490.36,1490.36,3306.4,250000.0,250000.0,250000.0,8.327e-10,1.022,91.16,0.999,0.999,0.999,36.0,8.1,49.8,55.9,26.8,25.8,99.72,1.565,1.565,1.565,0.4991,0.4994,0.4996,nan,nan
100,2.5,420000000.0,1490.55,1490.65,1490.65,3306.24,250000.0,250000.0,250000.0,8.468e-10,1.018,91.16,0.999,0.999,0.999,33.0,8.1,49.8,55.8,26.8,25.8,99.77,1.572,1.572,1.572,0.4994,0.4995,0.4997,nan,nan
101,2.5,420001000.0,1490.48,1490.49,1490.49,3306.32,250000.0,250000.0,250000.0,8.584e-10,1.013,91.15,0.999,0.999,0.999,33.0,8.1,49.7,55.9,26.8,25.7,99.81,1.578,1.578,1.578,0.4996,0.4997,0.4998,nan,nan
102,2.5,420020000.0,1490.3,1490.3,1490.3,3306.33,250000.0,250000.0,250000.0,8.691e-10,1.01,91.15,0.999,0.999,0.999,30.0,8.0,49.6,55.9,26.9,25.7,99.84,1.58,1.58,1.58,0.4996,0.4998,0.4999,nan,nan
103,2.5,419999000.0,1489.95,1490.0,1490.0,3306.5,250000.0,250000.0,250000.0,8.765e-10,1.007,91.15,0.999,0.999,0.999,33.0,8.0,49.6,55.8,26.9,25.7,99.86,1.584,1.584,1.584,0.4998,0.4999,0.5,nan,nan
104,2.5,420010000.0,1489.84,1489.84,1489.84,3306.33,250000.0,250000.0,250000.0,8.819e-10,1.004,91.15,0.999,0.999,0.999,33.0,8.1,49.6,55.8,26.8,25.8,99.88,1.585,1.585,1.585,0.4998,0.4999,0.5,nan,nan
105,2.5,420012000.0,1489.65,1489.62,1489.65,3306.25,250000.0,250000.0,250000.0,8.85e-10,1.002,91.15,0.999,0.999,0.999,33.0,8.1,49.6,55.8,26.8,25.7,99.9,1.586,1.586,1.586,0.4999,0.4999,0.5,nan,nan
106,2.5,420033000.0,1489.38,1489.38,1489.38,3306.27,250000.0,250000.0,250000.0,8.86e-10,1.001,91.15,0.999,0.999,0.999,34.0,8.0,49.7,55.8,26.9,25.7,99.91,1.588,1.588,1.588,0.4999,0.5,0.5,nan,nan
107,2.5,420012000.0,1489.17,1489.17,1489.17,3306.25,250000.0,250000.0,250000.0,8.862e-10,1.0,91.15,0.999,0.999,0.999,26.0,8.0,49.8,55.7,26.9,25.6,99.92,1.589,1.589,1.589,0.4997,0.5,0.5003,nan,nan
108,2.5,420001000.0,1488.95,1489.03,1489.03,3306.18,250000.0,250000.0,250000.0,8.861e-10,0.9993,91.15,0.999,0.999,0.999,33.0,7.9,49.7,55.7,27.0,25.6,99.93,1.589,1.589,1.589,0.4998,0.4999,0.5,nan,nan
109,2.5,420004000.0,1488.75,1488.76,1488.76,3306.23,250000.0,250000.0,250000.0,8.854e-10,0.9987,91.15,0.999,0.999,0.999,34.0,8.0,49.8,55.7,26.9,25.6,99.93,1.59,1.59,1.59,0.4999,0.5,0.5,nan,nan
110,2.5,420001000.0,1488.52,1488.53,1488.53,3306.27,250000.0,250000.0,250000.0,8.845e-10,0.9983,91.15,0.999,0.999,0.999,32.0,8.0,49.8,55.7,26.9,25.5,99.93,1.591,1.591,1.591,0.4997,0.5,0.5002,nan,nan
111,2.5,419993000.0,1488.25,1488.33,1488.33,3306.32,250000.0,250000.0,250000.0,8.837e-10,0.9979,91.15,0.999,0.999,0.999,34.0,8.1,49.8,55.7,26.8,25.5,99.94,1.592,1.592,1.592,0.4999,0.5,0.5,nan,nan
112,2.5,419998000.0,1488.02,1488.07,1488.07,3306.37,250000.0,250000.0,250000.0,8.828e-10,0.9976,91.14,0.999,0.999,0.999,34.0,8.1,49.8,55.7,26.8,25.5,99.94,1.593,1.593,1.593,0.4999,0.5,0.5001,nan,nan
113,2.5,420004000.0,1487.84,1487.86,1487.86,3306.3,250000.0,250000.0,250000.0,8.817e-10,0.9973,91.14,0.999,0.999,0.999,32.0,8.1,49.7,55.7,26.8,25.6,99.94,1.594,1.594,1.594,0.4999,0.5,0.5,nan,nan
114,2.5,420010000.0,1487.58,1487.61,1487.61,3306.26,250000.0,250000.0,250000.0,8.802e-10,0.9969,91.14,0.999,0.999,0.999,33.0,8.0,49.7,55.8,26.9,25.7,99.94,1.595,1.595,1.595,0.4999,0.4999,0.5,nan,nan
115,2.5,420017000.0,1487.24,1487.28,1487.28,3306.33,250000.0,250000.0,250000.0,8.78e-10,0.9964,91.14,0.999,0.999,0.999,32.0,8.1,49.7,55.8,26.8,25.7,99.93,1.596,1.596,1.596,0.4999,0.5,0.5,nan,nan
116,2.5,420007000.0,1486.91,1486.95,1486.95,3306.37,250000.0,250000.0,250000.0,8.754e-10,0.996,91.14,0.999,0.999,0.999,33.0,8.0,49.8,55.8,26.9,25.6,99.93,1.597,1.597,1.597,0.4997,0.5,0.5003,nan,nan
117,2.5,420002000.0,1486.7,1486.63,1486.7,3306.27,250000.0,250000.0,250000.0,8.723e-10,0.9957,91.14,0.999,0.999,0.999,40.0,8.0,49.8,55.8,26.9,25.6,99.93,1.598,1.598,1.598,0.4999,0.5,0.5,nan,nan
118,2.5,420011000.0,1486.31,1486.3,1486.31,3306.24,250000.0,250000.0,250000.0,8.686e-10,0.9952,91.14,0.999,0.999,0.999,40.0,7.9,49.8,55.8,27.0,25.6,99.93,1.599,1.599,1.599,0.4999,0.5,0.5,nan,nan
119,2.5,420016000.0,1485.89,1485.89,1485.89,3306.24,250000.0,250000.0,250000.0,8.64e-10,0.9947,91.14,0.999,0.999,0.999,39.0,7.9,49.8,55.8,27.0,25.6,99.92,1.6,1.6,1.6,0.5,0.5,0.5,nan,nan
120,2.5,420003000.0,1485.44,1485.44,1485.44,3306.24,250000.0,250000.0,250000.0,8.584e-10,0.9942,91.14,0.999,0.999,0.999,33.0,7.9,49.9,55.9,27.0,25.7,99.92,1.601,1.601,1.601,0.4999,0.4999,0.5,nan,nan
121,3.0,420000000.0,1511.07,1511.1,1511.1,3306.25,250000.0,250000.0,250000.0,3.227e-11,1.136,109.4,0.999,0.999,0.999,38.0,7.3,50.4,56.1,27.6,26.3,99.74,1.86,1.86,1.86,0.4995,0.4996,0.4996,nan,nan
122,3.0,420000000.0,1503.08,1503.08,1503.08,3306.26,250000.0,250000.0,250000.0,3.17e-11,1.142,109.4,0.999,0.999,0.999,36.0,7.1,50.7,56.3,27.8,26.5,99.83,1.834,1.834,1.834,0.4995,0.4998,0.5001,nan,nan
123,3.0,420000000.0,1499.31,1499.4,1499.4,3306.26,250000.0,250000.0,250000.0,3.098e-11,1.15,109.4,0.999,0.999,0.999,36.0,6.8,51.1,56.5,28.1,26.7,99.86,1.842,1.842,1.842,0.4996,0.4998,0.5001,nan,nan
124,3.0,0.0,1497.16,1497.28,1497.28,3306.27,250000.0,250000.0,250000.0,3.067e-11,1.156,109.4,0.999,0.999,0.999,36.0,6.7,51.2,56.6,28.2,26.7,99.88,1.839,1.839,1.839,0.4998,0.4999,0.5,nan,nan
125,3.0,420001000.0,1496.1,1496.12,1496.12,3306.24,250000.0,250000.0,250000.0,3.054e-11,1.16,109.4,0.999,0.999,0.999,36.0,6.7,51.2,56.7,28.2,26.8,99.89,1.837,1.837,1.837,0.4999,0.4999,0.4999,nan,nan
126,3.0,420002000.0,1495.47,1495.48,1495.48,3306.24,250000.0,250000.0,250000.0,3.053e-11,1.162,109.4,0.999,0.999,0.999,36.0,6.7,51.2,56.8,28.2,26.9,99.91,1.834,1.834,1.834,0.4999,0.4999,0.5,nan,nan
127,3.0,420003000.0,1495.15,1495.17,1495.17,3306.24,250000.0,250000.0,250000.0,3.06e-11,1.164,109.4,0.999,0.999,0.999,36.0,6.7,51.2,56.8,28.2,27.0,99.92,1.831,1.831,1.831,0.4998,0.4999,0.5001,nan,nan
128,3.0,420004000.0,1494.99,1495.03,1495.03,3306.24,250000.0,250000.0,250000.0,3.069e-11,1.165,109.4,0.999,0.999,0.999,36.0,6.6,51.2,56.8,28.2,27.2,99.93,1.828,1.828,1.828,0.4997,0.4999,0.5002,nan,nan
129,3.0,420000000.0,1494.92,1494.99,1494.99,3306.26,250000.0,250000.0,250000.0,3.08e-11,1.165,109.4,0.999,0.999,0.999,36.0,6.7,51.2,56.8,28.2,27.1,99.94,1.827,1.827,1.827,0.4997,0.5,0.5002,nan,nan
130,3.0,420000000.0,1494.92,1495.01,1495.01,3306.27,250000.0,250000.0,250000.0,3.087e-11,1.165,109.4,0.999,0.999,0.999,36.0,6.7,51.2,56.8,28.2,27.1,99.95,1.825,1.825,1.825,0.4998,0.5,0.5001,nan,nan
131,3.0,420000000.0,1494.96,1495.05,1495.05,3306.26,250000.0,250000.0,250000.0,3.092e-11,1.166,109.4,0.999,0.999,0.999,36.0,6.7,51.2,56.8,28.2,27.1,99.95,1.824,1.824,1.824,0.4998,0.5,0.5001,nan,nan
132,3.0,420001000.0,1495.01,1495.1,1495.1,3306.26,250000.0,250000.0,250000.0,3.097e-11,1.166,109.4,0.999,0.999,0.999,36.0,6.7,51.2,56.8,28.2,27.1,99.96,1.823,1.823,1.823,0.4998,0.5,0.5001,nan,nan
133,3.0,420002000.0,1495.07,1495.16,1495.16,3306.26,250000.0,250000.0,250000.0,3.102e-11,1.166,109.4,0.999,0.999,0.999,36.0,6.7,51.2,56.7,28.2,27.1,99.97,1.822,1.822,1.822,0.4999,0.5,0.5001,nan,nan
134,3.0,420004000.0,1495.14,1495.22,1495.22,3306.26,250000.0,250000.0,250000.0,3.107e-11,1.165,109.4,0.999,0.999,0.999,36.0,6.7,51.2,56.8,28.2,27.1,99.97,1.821,1.821,1.821,0.4999,0.5,0.5001,nan,nan
135,3.0,420003000.0,1495.19,1495.27,1495.27,3306.26,250000.0,250000.0,250000.0,3.111e-11,1.165,109.4,0.999,0.999,0.999,36.0,6.7,51.2,56.8,28.2,27.1,99.97,1.82,1.82,1.82,0.4999,0.5,0.5001,nan,nan
136,3.0,420003000.0,1495.25,1495.32,1495.32,3306.25,250000.0,250000.0,250000.0,3.114e-11,1.165,109.4,0.999,0.999,0.999,36.0,6.7,51.2,56.8,28.2,27.1,99.98,1.819,1.819,1.819,0.4999,0.5,0.5001,nan,nan
137,3.0,420003000.0,1495.3,1495.37,1495.37,3306.25,250000.0,250000.0,250000.0,3.116e-11,1.165,109.4,0.999,0.999,0.999,36.0,6.6,51.2,56.8,28.3,27.1,99.98,1.819,1.819,1.819,0.4999,0.5,0.5,nan,nan
138,3.0,420002000.0,1495.35,1495.41,1495.41,3306.25,250000.0,250000.0,250000.0,3.119e-11,1.165,109.4,0.999,0.999,0.999,36.0,6.6,51.2,56.8,28.3,27.1,99.98,1.818,1.818,1.818,0.4999,0.5,0.5,nan,nan
139,3.0,420002000.0,1495.39,1495.44,1495.44,3306.25,250000.0,250000.0,250000.0,3.12e-11,1.165,109.4,0.999,0.999,0.999,36.0,6.6,51.2,56.8,28.3,27.1,99.98,1.818,1.818,1.818,0.5,0.5,0.5,nan,nan
140,3.0,420002000.0,1495.44,1495.48,1495.48,3306.25,250000.0,250000.0,250000.0,3.122e-11,1.165,109.4,0.999,0.999,0.999,36.0,6.6,51.2,56.8,28.3,27.1,99.98,1.817,1.817,1.817,0.4999,0.5,0.5,nan,nan
141,3.0,420002000.0,1495.48,1495.52,1495.52,3306.24,250000.0,250000.0,250000.0,3.124e-11,1.165,109.4,0.999,0.999,0.999,36.0,6.6,51.2,56.8,28.3,27.1,99.99,1.817,1.817,1.817,0.4999,0.5,0.5,nan,nan
142,3.0,420001000.0,1495.51,1495.55,1495.55,3306.24,250000.0,250000.0,250000.0,3.125e-11,1.165,109.4,0.999,0.999,0.999,36.0,6.6,51.2,56.8,28.3,27.1,99.99,1.817,1.817,1.817,0.4999,0.5,0.5001,nan,nan
143,3.0,420001000.0,1495.55,1495.59,1495.59,3306.24,250000.0,250000.0,250000.0,3.126e-11,1.165,109.4,0.999,0.999,0.999,36.0,6.6,51.2,56.8,28.3,27.1,99.99,1.816,1.816,1.816,0.4999,0.5,0.5001,nan,nan
144,3.0,420001000.0,1495.58,1495.62,1495.62,3306.25,250000.0,250000.0,250000.0,3.128e-11,1.165,109.4,0.999,0.999,0.999,36.0,6.6,51.2,56.8,28.3,27.2,99.99,1.816,1.816,1.816,0.4999,0.5,0.5001,nan,nan
145,3.0,420000000.0,1495.6,1495.65,1495.65,3306.25,250000.0,250000.0,250000.0,3.129e-11,1.165,109.4,0.999,0.999,0.999,36.0,6.6,51.2,56.8,28.3,27.2,99.99,1.816,1.816,1.816,0.4999,0.5,0.5001,nan,nan
146,3.0,420001000.0,1495.63,1495.67,1495.67,3306.25,250000.0,250000.0,250000.0,3.131e-11,1.165,109.4,0.999,0.999,0.999,36.0,6.6,51.2,56.8,28.3,27.2,99.99,1.815,1.815,1.815,0.4999,0.5,0.5001,nan,nan
147,3.5,420001000.0,1513.5,1513.55,1513.55,3306.25,250000.0,250000.0,250000.0,1.137e-12,1.306,127.6,0.999,0.999,0.999,53.0,6.3,51.5,57.0,28.6,27.5,99.85,2.055,2.055,2.055,0.4997,0.4998,0.4998,nan,nan
148,3.5,420001000.0,1508.42,1508.43,1508.43,3306.23,250000.0,250000.0,250000.0,1.161e-12,1.316,127.6,0.999,0.999,0.999,54.0,6.3,52.1,57.1,28.6,27.6,99.92,2.036,2.036,2.036,0.4999,0.4999,0.4999,nan,nan
149,3.5,420001000.0,1506.55,1506.56,1506.56,3306.24,250000.0,250000.0,250000.0,1.153e-12,1.327,127.6,0.999,0.999,0.999,55.0,6.2,52.3,57.1,28.7,27.6,99.96,2.046,2.046,2.046,0.5,0.5,0.5,nan,nan
150,3.5,420001000.0,1505.77,1505.78,1505.78,3306.23,250000.0,250000.0,250000.0,1.152e-12,1.333,127.6,0.999,0.999,0.999,55.0,6.2,52.5,57.2,28.7,27.6,99.97,2.045,2.045,2.045,0.5,0.5,0.5,nan,nan
151,3.5,0.0,1505.53,1505.54,1505.54,3306.24,250000.0,250000.0,250000.0,1.15e-12,1.337,127.6,0.999,0.999,0.999,55.0,6.2,52.6,57.2,28.7,27.7,99.98,2.047,2.047,2.047,0.5,0.5,0.5,nan,nan
152,3.5,420001000.0,1505.45,1505.45,1505.45,3306.24,250000.0,250000.0,250000.0,1.151e-12,1.339,127.6,0.999,0.999,0.999,54.0,6.2,52.6,57.2,28.7,27.7,99.98,2.047,2.047,2.047,0.5,0.5,0.5,nan,nan
153,3.5,419999000.0,1505.44,1505.45,1505.45,3306.23,250000.0,250000.0,250000.0,1.151e-12,1.34,127.6,0.999,0.999,0.999,54.0,6.2,52.6,57.2,28.8,27.7,99.98,2.047,2.047,2.047,0.5,0.5,0.5,nan,nan
154,3.5,419999000.0,1505.46,1505.46,1505.46,3306.23,250000.0,250000.0,250000.0,1.152e-12,1.341,127.6,0.999,0.999,0.999,54.0,6.2,52.7,57.2,28.8,27.7,99.99,2.046,2.046,2.046,0.5,0.5,0.5,nan,nan
155,3.5,419999000.0,1505.48,1505.48,1505.48,3306.23,250000.0,250000.0,250000.0,1.153e-12,1.341,127.6,0.999,0.999,0.999,54.0,6.2,52.7,57.2,28.8,27.7,99.99,2.046,2.046,2.046,0.5,0.5,0.5,nan,nan
156,3.5,419999000.0,1505.5,1505.5,1505.5,3306.23,250000.0,250000.0,250000.0,1.154e-12,1.341,127.6,0.999,0.999,0.999,35.0,6.2,52.7,57.2,28.8,27.7,99.99,2.044,2.044,2.044,0.4999,0.4999,0.5,nan,nan
157,3.5,419999000.0,1505.39,1505.41,1505.41,3306.43,250000.0,250000.0,250000.0,1.154e-12,1.341,127.6,0.999,0.999,0.999,55.0,6.2,52.7,57.2,28.8,27.7,99.99,2.046,2.046,2.046,0.5,0.5001,0.5001,nan,nan
158,3.5,419999000.0,1505.57,1505.57,1505.57,3306.23,250000.0,250000.0,250000.0,1.155e-12,1.341,127.6,0.999,0.999,0.999,55.0,6.2,52.7,57.2,28.8,27.7,99.99,2.045,2.045,2.045,0.5,0.5,0.5,nan,nan
159,4.0,419999000.0,1519.35,1519.35,1519.35,3306.23,250000.0,250000.0,250000.0,4.106e-14,1.483,145.8,0.999,0.999,0.999,54.0,6.0,53.1,57.4,28.9,27.8,99.89,2.279,2.279,2.279,0.4998,0.4998,0.4998,nan,nan
160,4.0,419999000.0,1515.23,1515.23,1515.23,3306.24,250000.0,250000.0,250000.0,4.19e-14,1.491,145.8,0.999,0.999,0.999,55.0,5.9,53.4,57.5,29.0,27.9,99.94,2.266,2.266,2.266,0.5,0.5,0.5,nan,nan
161,4.0,419999000.0,1513.82,1513.82,1513.82,3306.24,250000.0,250000.0,250000.0,4.163e-14,1.5,145.8,0.999,0.999,0.999,55.0,6.0,53.5,57.5,29.0,28.0,99.97,2.275,2.275,2.275,0.5,0.5,0.5,nan,nan
162,4.0,420024000.0,1513.28,1513.28,1513.28,3306.24,250000.0,250000.0,250000.0,4.176e-14,1.505,145.8,0.999,0.999,0.999,55.0,6.0,53.6,57.5,29.0,28.0,99.98,2.273,2.273,2.273,0.5,0.5,0.5,nan,nan
163,4.0,419999000.0,1513.19,1513.19,1513.19,3306.24,250000.0,250000.0,250000.0,4.165e-14,1.508,145.8,0.999,0.999,0.999,55.0,6.0,53.7,57.5,29.0,28.0,99.98,2.275,2.275,2.275,0.5,0.5,0.5,nan,nan
164,4.0,0.0,1513.16,1513.16,1513.16,3306.24,250000.0,250000.0,250000.0,4.178e-14,1.509,145.8,0.999,0.999,0.999,41.0,6.0,53.6,57.5,29.0,28.0,99.98,2.274,2.274,2.274,0.4999,0.5,0.5,nan,nan
165,4.0,419999000.0,1513.22,1513.2,1513.22,3306.24,250000.0,250000.0,250000.0,4.178e-14,1.51,145.8,0.999,0.999,0.999,55.0,6.0,53.6,57.5,29.0,28.0,99.99,2.274,2.274,2.274,0.5,0.5,0.5,nan,nan
166,4.0,420000000.0,1513.22,1513.22,1513.22,3306.24,250000.0,250000.0,250000.0,4.186e-14,1.51,145.8,0.999,0.999,0.999,54.0,6.0,53.6,57.5,29.0,28.0,99.99,2.273,2.273,2.273,0.5,0.5,0.5,nan,nan
167,4.0,420000000.0,1513.26,1513.26,1513.26,3306.24,250000.0,250000.0,250000.0,4.188e-14,1.511,145.8,0.999,0.999,0.999,40.0,5.9,53.6,57.5,29.0,28.0,99.99,2.273,2.273,2.273,0.4999,0.5,0.5001,nan,nan
168,4.0,420000000.0,1513.28,1513.26,1513.28,3306.25,250000.0,250000.0,250000.0,4.193e-14,1.511,145.8,0.999,0.999,0.999,55.0,5.9,53.6,57.5,29.0,28.0,99.99,2.272,2.272,2.272,0.5,0.5,0.5,nan,nan
169,4.5,420000000.0,1524.4,1524.4,1524.4,3306.24,250000.0,250000.0,250000.0,1.466e-15,1.656,164.1,0.999,0.999,0.999,34.0,5.7,53.9,57.6,29.2,28.1,99.91,2.504,2.504,2.504,0.4998,0.4999,0.4999,nan,nan
170,4.5,420000000.0,1520.83,1520.82,1520.83,3306.26,250000.0,250000.0,250000.0,1.507e-15,1.663,164.1,0.999,0.999,0.999,34.0,5.7,54.2,57.7,29.2,28.1,99.95,2.491,2.491,2.491,0.4999,0.5,0.5,nan,nan
171,4.5,419999000.0,1519.81,1519.8,1519.81,3306.25,250000.0,250000.0,250000.0,1.503e-15,1.672,164.1,0.999,0.999,0.999,33.0,5.7,54.2,57.8,29.2,28.1,99.97,2.502,2.502,2.502,0.4999,0.5,0.5,nan,nan
172,4.5,420000000.0,1519.37,1519.36,1519.37,3306.25,250000.0,250000.0,250000.0,1.516e-15,1.676,164.1,0.999,0.999,0.999,33.0,5.7,54.3,57.8,29.2,28.1,99.98,2.498,2.498,2.498,0.4999,0.5,0.5,nan,nan
173,4.5,420000000.0,1519.39,1519.37,1519.39,3306.25,250000.0,250000.0,250000.0,1.508e-15,1.679,164.1,0.999,0.999,0.999,33.0,5.7,54.3,57.8,29.2,28.1,99.98,2.502,2.502,2.502,0.5,0.5,0.5,nan,nan
174,4.5,420001000.0,1519.33,1519.31,1519.33,3306.25,250000.0,250000.0,250000.0,1.515e-15,1.679,164.1,0.999,0.999,0.999,34.0,5.7,54.4,57.8,29.2,28.1,99.98,2.498,2.498,2.498,0.4999,0.5,0.5,nan,nan
175,4.5,0.0,1519.4,1519.38,1519.4,3306.25,250000.0,250000.0,250000.0,1.51e-15,1.68,164.1,0.999,0.999,0.999,34.0,5.7,54.4,57.8,29.2,28.1,99.98,2.501,2.501,2.501,0.5,0.5,0.5,nan,nan
176,4.5,420000000.0,1519.37,1519.35,1519.37,3306.25,250000.0,250000.0,250000.0,1.514e-15,1.68,164.1,0.999,0.999,0.999,35.0,5.7,54.4,57.8,29.2,28.2,99.99,2.498,2.498,2.498,0.5,0.5,0.5,nan,nan
177,4.5,420002000.0,1519.42,1519.4,1519.42,3306.25,250000.0,250000.0,250000.0,1.511e-15,1.68,164.1,0.999,0.999,0.999,35.0,5.7,54.4,57.8,29.2,28.1,99.99,2.499,2.499,2.499,0.5,0.5,0.5,nan,nan
178,4.5,420001000.0,1519.4,1519.38,1519.4,3306.25,250000.0,250000.0,250000.0,1.514e-15,1.68,164.1,0.999,0.999,0.999,35.0,5.7,54.4,57.8,29.2,28.1,99.99,2.497,2.497,2.497,0.5,0.5,0.5,nan,nan
179,4.5,420002000.0,1519.44,1519.42,1519.44,3306.25,250000.0,250000.0,250000.0,1.512e-15,1.68,164.1,0.999,0.999,0.999,34.0,5.7,54.4,57.8,29.2,28.1,99.99,2.498,2.498,2.498,0.5,0.5,0.5,nan,nan
180,4.5,420002000.0,1519.43,1519.41,1519.43,3306.25,250000.0,250000.0,250000.0,1.514e-15,1.68,164.1,0.999,0.999,0.999,33.0,5.6,54.4,57.8,29.3,28.1,99.99,2.497,2.497,2.497,0.5,0.5,0.5,nan,nan
181,4.5,420002000.0,1519.46,1519.44,1519.46,3306.25,250000.0,250000.0,250000.0,1.512e-15,1.68,164.1,0.999,0.999,0.999,33.0,5.6,54.4,57.8,29.3,28.1,99.99,2.497,2.497,2.497,0.5,0.5,0.5,nan,nan
182,4.5,420001000.0,1519.46,1519.43,1519.46,3306.25,250000.0,250000.0,250000.0,1.514e-15,1.679,164.1,0.999,0.999,0.999,33.0,5.6,54.4,57.8,29.3,28.1,99.99,2.496,2.496,2.496,0.5,0.5,0.5,nan,nan
183,5.0,420001000.0,1528.65,1528.63,1528.65,3306.25,250000.0,250000.0,250000.0,5.226e-17,1.829,182.3,0.999,0.999,0.999,33.0,5.4,54.6,57.8,29.5,28.4,99.92,2.726,2.726,2.726,0.4999,0.4999,0.4999,nan,nan
184,5.0,420001000.0,1525.36,1525.34,1525.36,3306.33,250000.0,250000.0,250000.0,5.318e-17,1.834,182.3,0.999,0.999,0.999,33.0,5.5,54.8,57.8,29.5,28.5,99.95,2.711,2.711,2.711,0.4999,0.4999,0.5,nan,nan
185,5.0,420001000.0,1524.66,1524.64,1524.66,3306.38,250000.0,250000.0,250000.0,5.25e-17,1.843,182.3,0.999,0.999,0.999,33.0,5.4,54.8,57.9,29.5,28.4,99.97,2.726,2.726,2.726,0.4999,0.5,0.5,nan,nan
186,5.0,420001000.0,1524.27,1524.24,1524.27,3306.4,250000.0,250000.0,250000.0,5.307e-17,1.846,182.3,0.999,0.999,0.999,34.0,5.5,54.8,57.9,29.5,28.5,99.97,2.717,2.717,2.717,0.4999,0.5,0.5001,nan,nan
187,5.0,420001000.0,1524.43,1524.4,1524.43,3306.38,250000.0,250000.0,250000.0,5.262e-17,1.849,182.3,0.999,0.999,0.999,33.0,5.4,54.8,57.9,29.5,28.4,99.97,2.726,2.726,2.726,0.4999,0.5,0.5,nan,nan
188,5.0,420001000.0,1524.24,1524.22,1524.24,3306.4,250000.0,250000.0,250000.0,5.307e-17,1.848,182.3,0.999,0.999,0.999,34.0,5.4,54.8,57.9,29.5,28.5,99.97,2.717,2.717,2.717,0.4999,0.5,0.5001,nan,nan
189,5.0,420001000.0,1524.5,1524.47,1524.5,3306.32,250000.0,250000.0,250000.0,5.26e-17,1.85,182.3,0.999,0.999,0.999,35.0,5.4,54.8,57.9,29.5,28.5,99.97,2.725,2.725,2.725,0.4999,0.5,0.5,nan,nan
190,5.0,0.0,1524.3,1524.27,1524.3,3306.33,250000.0,250000.0,250000.0,5.307e-17,1.849,182.3,0.999,0.999,0.999,35.0,5.4,54.9,57.8,29.5,28.5,99.97,2.714,2.714,2.714,0.4999,0.5,0.5001,nan,nan
191,5.0,420001000.0,1524.48,1524.44,1524.48,3306.37,250000.0,250000.0,250000.0,5.258e-17,1.85,182.3,0.999,0.999,0.999,35.0,5.4,54.9,57.8,29.5,28.5,99.97,2.724,2.724,2.724,0.4999,0.5,0.5001,nan,nan
192,5.0,420012000.0,1524.29,1524.25,1524.29,3306.36,250000.0,250000.0,250000.0,5.307e-17,1.849,182.3,0.999,0.999,0.999,35.0,5.4,54.9,57.8,29.5,28.5,99.97,2.713,2.713,2.713,0.4999,0.5,0.5001,nan,nan
193,5.0,420018000.0,1524.5,1524.45,1524.5,3306.37,250000.0,250000.0,250000.0,5.256e-17,1.85,182.3,0.999,0.999,0.999,34.0,5.4,54.9,57.8,29.5,28.5,99.97,2.723,2.723,2.723,0.4999,0.5,0.5,nan,nan
194,5.0,420020000.0,1524.28,1524.24,1524.28,3306.37,250000.0,250000.0,250000.0,5.307e-17,1.849,182.3,0.999,0.999,0.999,35.0,5.4,54.9,57.8,29.5,28.5,99.97,2.712,2.712,2.712,0.4999,0.5,0.5001,nan,nan
195,5.0,420017000.0,1524.49,1524.44,1524.49,3306.38,250000.0,250000.0,250000.0,5.254e-17,1.85,182.3,0.999,0.999,0.999,33.0,5.4,54.8,57.8,29.5,28.5,99.97,2.723,2.723,2.723,0.4999,0.5,0.5001,nan,nan
196,5.0,420020000.0,1524.26,1524.21,1524.26,3306.38,250000.0,250000.0,250000.0,5.307e-17,1.848,182.3,0.999,0.999,0.999,33.0,5.4,54.8,57.8,29.5,28.6,99.97,2.712,2.712,2.712,0.4998,0.4999,0.5001,nan,nan
197,5.0,420011000.0,1524.49,1524.44,1524.49,3306.39,250000.0,250000.0,250000.0,5.251e-17,1.85,182.3,0.999,0.999,0.999,34.0,5.4,54.9,57.8,29.5,28.5,99.96,2.722,2.722,2.722,0.4998,0.4999,0.5,nan,nan
198,5.0,420011000.0,1524.29,1524.24,1524.29,3306.38,250000.0,250000.0,250000.0,5.304e-17,1.848,182.3,0.999,0.999,0.999,33.0,5.4,54.9,57.8,29.5,28.6,99.96,2.71,2.71,2.71,0.4998,0.4999,0.5,nan,nan
199,5.0,420017000.0,1524.56,1524.51,1524.56,3306.39,250000.0,250000.0,250000.0,5.241e-17,1.85,182.3,0.999,0.999,0.999,34.0,5.4,54.9,57.8,29.6,28.5,99.96,2.722,2.722,2.722,0.4998,0.4999,0.5,nan,nan
200,5.0,420015000.0,1524.34,1524.29,1524.34,3306.38,250000.0,250000.0,250000.0,5.303e-17,1.848,182.3,0.999,0.999,0.999,34.0,5.4,54.9,57.8,29.5,28.6,99.95,2.709,2.709,2.709,0.4998,0.4999,0.5,nan,nan
201,5.0,420016000.0,1524.68,1524.62,1524.68,3306.38,250000.0,250000.0,250000.0,5.23e-17,1.851,182.3,0.999,0.999,0.999,33.0,5.4,54.9,57.8,29.6,28.5,99.95,2.72,2.72,2.72,0.4997,0.4998,0.4999,nan,nan
202,5.0,420016000.0,1524.47,1524.42,1524.47,3306.37,250000.0,250000.0,250000.0,5.295e-17,1.848,182.3,0.999,0.999,0.999,34.0,5.4,54.9,57.8,29.5,28.6,99.94,2.708,2.708,2.708,0.4997,0.4998,0.4999,nan,nan
203,5.0,420017000.0,1524.84,1524.78,1524.84,3306.37,250000.0,250000.0,250000.0,5.22e-17,1.851,182.3,0.999,0.999,0.999,33.0,5.4,54.9,57.8,29.6,28.5,99.93,2.718,2.718,2.718,0.4996,0.4997,0.4998,nan,nan
204,5.0,420018000.0,1524.69,1524.64,1524.69,3306.36,250000.0,250000.0,250000.0,5.28e-17,1.849,182.3,0.999,0.999,0.999,34.0,5.4,54.9,57.8,29.6,28.6,99.93,2.706,2.706,2.706,0.4996,0.4997,0.4998,nan,nan
205,5.0,420019000.0,1525.11,1525.05,1525.11,3306.37,250000.0,250000.0,250000.0,5.205e-17,1.851,182.3,0.999,0.999,0.999,35.0,5.4,54.9,57.8,29.5,28.5,99.92,2.714,2.714,2.714,0.4994,0.4995,0.4996,nan,nan
206,5.0,420017000.0,1525.06,1525.0,1525.06,3306.37,250000.0,250000.0,250000.0,5.253e-17,1.85,182.3,0.999,0.999,0.999,33.0,5.4,55.0,57.8,29.6,28.5,99.91,2.705,2.705,2.705,0.4994,0.4995,0.4996,nan,nan
207,5.0,420019000.0,1525.51,1525.44,1525.51,3306.36,250000.0,250000.0,250000.0,5.19e-17,1.852,182.3,0.999,0.999,0.999,35.0,5.4,55.0,57.8,29.5,28.5,99.9,2.708,2.708,2.708,0.4992,0.4993,0.4994,nan,nan
208,5.0,420017000.0,1525.64,1525.58,1525.64,3306.35,250000.0,250000.0,250000.0,5.213e-17,1.851,182.3,0.999,0.999,0.999,35.0,5.4,55.0,57.8,29.6,28.5,99.89,2.703,2.703,2.703,0.4991,0.4992,0.4993,nan,nan
209,5.0,420018000.0,1526.06,1525.99,1526.06,3306.33,250000.0,250000.0,250000.0,5.169e-17,1.852,182.3,0.999,0.999,0.999,34.0,5.3,55.0,57.8,29.7,28.5,99.88,2.701,2.701,2.701,0.4988,0.4989,0.499,nan,nan
210,5.0,420017000.0,1526.38,1526.32,1526.38,3306.33,250000.0,250000.0,250000.0,5.166e-17,1.852,182.3,0.999,0.999,0.999,34.0,5.3,55.0,57.8,29.7,28.5,99.87,2.697,2.697,2.697,0.4987,0.4988,0.4989,nan,nan
211,5.0,420016000.0,1526.69,1526.63,1526.69,3306.39,250000.0,250000.0,250000.0,5.135e-17,1.854,182.3,0.999,0.999,0.999,35.0,5.3,55.0,57.8,29.7,28.5,99.86,2.695,2.695,2.695,0.4985,0.4986,0.4987,nan,nan
212,5.0,420015000.0,1527.09,1527.02,1527.09,3306.33,250000.0,250000.0,250000.0,5.133e-17,1.853,182.3,0.999,0.999,0.999,34.0,5.2,55.0,57.9,29.7,28.7,99.85,2.691,2.691,2.691,0.4983,0.4984,0.4985,nan,nan
213,5.0,420017000.0,1527.47,1527.4,1527.47,3306.34,250000.0,250000.0,250000.0,5.1e-17,1.855,182.3,0.999,0.999,0.999,34.0,5.2,54.9,58.0,29.7,28.6,99.85,2.688,2.688,2.688,0.4981,0.4982,0.4982,nan,nan
214,5.0,420016000.0,1527.88,1527.82,1527.88,3306.3,250000.0,250000.0,250000.0,5.103e-17,1.855,182.3,0.999,0.999,0.999,34.0,5.2,54.9,58.0,29.7,28.6,99.84,2.684,2.684,2.684,0.498,0.498,0.4981,nan,nan
215,5.0,420016000.0,1528.21,1528.15,1528.21,3306.33,250000.0,250000.0,250000.0,5.076e-17,1.856,182.3,0.999,0.999,0.999,34.0,5.2,54.9,58.0,29.8,28.5,99.83,2.68,2.68,2.68,0.4978,0.4979,0.4979,nan,nan
216,5.0,420014000.0,1528.59,1528.53,1528.59,3306.33,250000.0,250000.0,250000.0,5.08e-17,1.855,182.3,0.999,0.999,0.999,34.0,5.2,54.9,58.0,29.8,28.5,99.83,2.679,2.679,2.679,0.4978,0.4978,0.4978,nan,nan
217,5.0,420012000.0,1528.97,1528.92,1528.97,3306.32,250000.0,250000.0,250000.0,5.053e-17,1.858,182.3,0.999,0.999,0.999,34.0,5.2,54.9,58.0,29.8,28.6,99.82,2.673,2.673,2.673,0.4976,0.4976,0.4976,nan,nan
218,5.0,420012000.0,1529.4,1529.34,1529.4,3306.33,250000.0,250000.0,250000.0,5.055e-17,1.857,182.3,0.999,0.999,0.999,32.0,5.1,54.9,58.0,29.8,28.6,99.82,2.673,2.673,2.673,0.4975,0.4975,0.4975,nan,nan
219,5.0,420019000.0,1529.83,1529.79,1529.83,3306.28,250000.0,250000.0,250000.0,5.03e-17,1.859,182.3,0.999,0.999,0.999,34.0,5.3,54.8,58.0,29.7,28.6,99.81,2.665,2.665,2.665,0.4972,0.4972,0.4972,nan,nan
220,5.0,420011000.0,1530.27,1530.22,1530.27,3306.33,250000.0,250000.0,250000.0,5.028e-17,1.858,182.3,0.999,0.999,0.999,33.0,5.2,54.8,58.0,29.7,28.6,99.8,2.668,2.668,2.668,0.4972,0.4972,0.4972,nan,nan
221,5.0,0.0,1530.74,1530.7,1530.74,3306.26,250000.0,250000.0,250000.0,5.003e-17,1.86,182.3,0.999,0.999,0.999,33.0,5.3,54.8,58.0,29.7,28.7,99.8,2.657,2.657,2.657,0.4968,0.4968,0.4969,nan,nan
222,5.0,420013000.0,1531.25,1531.21,1531.25,3306.3,250000.0,250000.0,250000.0,4.995e-17,1.859,182.3,0.999,0.999,0.999,30.0,5.3,54.8,58.0,29.6,28.7,99.79,2.661,2.661,2.661,0.4968,0.4968,0.4968,nan,nan
223,5.0,420007000.0,1531.78,1531.74,1531.78,3306.25,250000.0,250000.0,250000.0,4.966e-17,1.862,182.3,0.999,0.999,0.999,33.0,5.3,54.8,57.9,29.7,28.7,99.78,2.648,2.648,2.648,0.4964,0.4964,0.4964,nan,nan
224,5.0,420012000.0,1532.41,1532.38,1532.41,3306.28,250000.0,250000.0,250000.0,4.95e-17,1.861,182.3,0.999,0.999,0.999,33.0,5.2,54.8,57.9,29.7,28.6,99.77,2.651,2.651,2.651,0.4963,0.4963,0.4963,nan,nan
225,5.0,420012000.0,1533.09,1533.05,1533.09,3306.28,250000.0,250000.0,250000.0,4.911e-17,1.865,182.3,0.999,0.999,0.999,32.0,5.3,54.8,58.0,29.7,28.7,99.76,2.639,2.639,2.639,0.4958,0.4958,0.4959,nan,nan
226,5.0,420010000.0,1533.95,1533.91,1533.95,3306.27,250000.0,250000.0,250000.0,4.888e-17,1.863,182.3,0.999,0.999,0.999,25.0,5.3,54.9,58.0,29.7,28.6,99.75,2.638,2.638,2.638,0.4954,0.4956,0.4958,nan,nan
227,5.0,420011000.0,1534.95,1534.93,1534.95,3306.26,250000.0,250000.0,250000.0,4.824e-17,1.869,182.3,0.999,0.999,0.999,41.0,5.3,54.9,58.0,29.6,28.6,99.73,2.626,2.626,2.626,0.4946,0.495,0.4955,nan,nan
228,5.0,420005000.0,1536.14,1535.99,1536.14,3306.31,250000.0,250000.0,250000.0,4.799e-17,1.867,182.3,0.999,0.999,0.999,30.0,5.3,54.9,58.0,29.7,28.5,99.71,2.621,2.621,2.621,0.4945,0.4946,0.4948,nan,nan
229,5.0,420011000.0,1537.78,1537.69,1537.78,3306.24,250000.0,250000.0,250000.0,4.693e-17,1.875,182.3,0.999,0.999,0.999,33.0,5.3,54.9,58.1,29.6,28.5,99.68,2.605,2.605,2.605,0.4937,0.4938,0.4938,nan,nan
230,5.0,420003000.0,1539.95,1539.82,1539.95,3306.28,250000.0,250000.0,250000.0,4.636e-17,1.874,182.4,0.999,0.999,0.999,33.0,5.2,54.8,58.1,29.7,28.5,99.64,2.593,2.593,2.593,0.493,0.4931,0.4931,nan,nan
231,5.0,420008000.0,1543.51,1543.32,1543.51,3306.27,250000.0,250000.0,250000.0,4.459e-17,1.889,182.4,0.999,0.999,0.999,34.0,5.5,54.8,58.1,29.5,28.6,99.56,2.558,2.558,2.558,0.4909,0.491,0.4912,nan,nan
232,5.0,420001000.0,1548.6,1548.31,1548.6,3306.27,250000.0,250000.0,250000.0,4.302e-17,1.891,182.4,0.999,0.999,0.999,34.0,5.4,54.8,58.1,29.5,28.5,99.44,2.523,2.523,2.523,0.4889,0.4891,0.4892,nan,nan
233,5.0,420005000.0,1558.35,1557.91,1558.35,3306.26,250000.0,250000.0,250000.0,4.107e-17,1.926,182.4,0.999,0.999,0.999,28.0,5.4,54.8,58.1,29.5,28.8,99.2,2.407,2.407,2.407,0.4826,0.4836,0.4846,nan,nan
234,5.0,420005000.0,1571.53,1570.99,1571.53,3306.3,250000.0,250000.0,250000.0,4.343e-17,1.951,182.4,0.999,0.999,0.999,32.0,5.0,54.8,58.2,30.0,29.3,98.84,2.233,2.233,2.233,0.476,0.4789,0.4817,nan,nan
235,5.0,420004000.0,1569.56,1571.12,1571.12,3306.33,250000.0,250000.0,250000.0,4.962e-17,2.025,182.4,0.999,0.999,0.999,47.0,4.1,54.8,58.4,30.8,30.5,98.68,1.896,1.896,1.896,0.4736,0.4765,0.4795,nan,nan
236,5.0,420003000.0,1513.35,1513.33,1513.35,3306.24,250000.0,250000.0,250000.0,3.876e-17,1.959,182.3,0.999,0.999,0.999,52.0,4.0,55.3,59.4,30.9,30.3,99.41,2.199,2.199,2.199,0.4876,0.4882,0.4887,nan,nan
237,5.0,420009000.0,1503.91,1503.89,1503.91,3306.24,250000.0,250000.0,250000.0,3.697e-17,1.852,182.3,0.999,0.999,0.999,32.0,4.2,55.8,59.3,30.7,29.8,99.72,2.459,2.459,2.459,0.4969,0.4972,0.4975,nan,nan
238,5.0,420000000.0,1507.04,1507.11,1507.11,3306.38,250000.0,250000.0,250000.0,3.734e-17,1.816,182.3,0.999,0.999,0.999,31.0,4.4,55.7,59.2,30.5,29.7,99.81,2.491,2.491,2.491,0.4986,0.4989,0.4992,nan,nan
239,5.0,420005000.0,1507.98,1507.96,1507.98,3306.3,250000.0,250000.0,250000.0,3.888e-17,1.814,182.3,0.999,0.999,0.999,32.0,4.4,55.6,59.3,30.5,29.8,99.87,2.492,2.492,2.492,0.4994,0.4995,0.4996,nan,nan
240,5.0,420004000.0,1508.8,1508.76,1508.8,3306.3,250000.0,250000.0,250000.0,3.944e-17,1.814,182.3,0.999,0.999,0.999,35.0,4.5,55.7,59.3,30.4,29.8,99.92,2.495,2.495,2.495,0.4995,0.4998,0.5001,nan,nan
241,5.0,420004000.0,1509.28,1509.25,1509.28,3306.25,250000.0,250000.0,250000.0,3.968e-17,1.809,182.3,0.999,0.999,0.999,32.0,4.5,55.7,59.3,30.4,29.8,99.94,2.498,2.498,2.498,0.4998,0.4998,0.4998,nan,nan
242,5.0,420002000.0,1509.26,1509.25,1509.26,3306.29,250000.0,250000.0,250000.0,3.997e-17,1.803,182.3,0.999,0.999,0.999,38.0,4.5,55.7,59.2,30.5,29.8,99.95,2.502,2.502,2.502,0.4996,0.4999,0.5001,nan,nan
243,5.5,420008000.0,1514.19,1514.15,1514.19,3306.27,250000.0,250000.0,250000.0,1.408e-18,1.939,200.5,0.999,0.999,0.999,47.0,4.3,56.0,59.3,30.6,29.8,99.94,2.71,2.71,2.71,0.4998,0.4998,0.4999,nan,nan
244,5.5,420012000.0,1512.39,1512.38,1512.39,3306.24,250000.0,250000.0,250000.0,1.41e-18,1.949,200.5,0.999,0.999,0.999,42.0,4.4,56.1,59.4,30.5,29.7,99.96,2.711,2.711,2.711,0.4994,0.4999,0.5004,nan,nan
245,5.5,420000000.0,1512.06,1512.11,1512.11,3306.34,250000.0,250000.0,250000.0,1.412e-18,1.956,200.5,0.999,0.999,0.999,39.0,4.4,56.2,59.4,30.5,29.6,99.97,2.719,2.719,2.719,0.4998,0.4999,0.5,nan,nan
246,5.5,420000000.0,1512.04,1512.04,1512.04,3306.42,250000.0,250000.0,250000.0,1.414e-18,1.959,200.5,0.999,0.999,0.999,41.0,4.4,56.2,59.4,30.5,29.6,99.97,2.723,2.723,2.723,0.4996,0.5,0.5004,nan,nan
247,5.5,420017000.0,1512.22,1512.31,1512.31,3306.3,250000.0,250000.0,250000.0,1.415e-18,1.96,200.5,0.999,0.999,0.999,38.0,4.4,56.2,59.4,30.5,29.5,99.98,2.725,2.725,2.725,0.4999,0.4999,0.5,nan,nan
248,5.5,420007000.0,1512.21,1512.21,1512.21,3306.41,250000.0,250000.0,250000.0,1.417e-18,1.96,200.5,0.999,0.999,0.999,38.0,4.5,56.2,59.4,30.5,29.5,99.98,2.724,2.724,2.724,0.4997,0.4999,0.5002,nan,nan
249,5.5,420007000.0,1512.28,1512.29,1512.29,3306.52,250000.0,250000.0,250000.0,1.418e-18,1.961,200.5,0.999,0.999,0.999,37.0,4.5,56.2,59.4,30.5,29.5,99.98,2.729,2.729,2.729,0.4997,0.5,0.5003,nan,nan
250,5.5,420001000.0,1512.3,1512.32,1512.32,3306.5,250000.0,250000.0,250000.0,1.42e-18,1.96,200.5,0.999,0.999,0.999,38.0,4.5,56.2,59.4,30.5,29.5,99.99,2.727,2.727,2.727,0.4997,0.5,0.5003,nan,nan
251,5.5,420007000.0,1512.42,1512.42,1512.42,3306.48,250000.0,250000.0,250000.0,1.421e-18,1.961,200.5,0.999,0.999,0.999,40.0,4.5,56.3,59.4,30.5,29.5,99.99,2.73,2.73,2.73,0.4997,0.5,0.5003,nan,nan
252,5.5,0.0,1512.39,1512.41,1512.41,3306.46,250000.0,250000.0,250000.0,1.422e-18,1.96,200.5,0.999,0.999,0.999,39.0,4.5,56.3,59.4,30.5,29.5,99.99,2.728,2.728,2.728,0.4998,0.5,0.5002,nan,nan
253,5.5,420004000.0,1512.51,1512.5,1512.51,3306.44,250000.0,250000.0,250000.0,1.422e-18,1.96,200.5,0.999,0.999,0.999,40.0,4.5,56.3,59.4,30.5,29.5,99.99,2.731,2.731,2.731,0.4998,0.5,0.5002,nan,nan
254,5.5,420000000.0,1512.45,1512.47,1512.47,3306.42,250000.0,250000.0,250000.0,1.423e-18,1.96,200.5,0.999,0.999,0.999,39.0,4.5,56.3,59.3,30.5,29.5,99.99,2.729,2.729,2.729,0.4999,0.5,0.5001,nan,nan
255,6.0,420013000.0,1517.1,1517.09,1517.1,3306.4,250000.0,250000.0,250000.0,4.928e-20,2.104,218.8,0.999,0.999,0.999,44.0,4.4,56.6,59.4,30.5,29.6,99.96,2.945,2.945,2.945,0.4999,0.5,0.5001,nan,nan
256,6.0,420023000.0,1515.06,1515.09,1515.09,3306.25,250000.0,250000.0,250000.0,4.929e-20,2.111,218.8,0.999,0.999,0.999,43.0,4.5,56.7,59.5,30.4,29.6,99.96,2.923,2.923,2.923,0.4998,0.5,0.5002,nan,nan
257,6.0,420007000.0,1515.47,1515.44,1515.47,3306.26,250000.0,250000.0,250000.0,4.9e-20,2.12,218.8,0.999,0.999,0.999,50.0,4.4,56.7,59.5,30.5,29.6,99.97,2.953,2.953,2.953,0.4999,0.5,0.5,nan,nan
258,6.0,420022000.0,1514.58,1514.58,1514.58,3306.29,250000.0,250000.0,250000.0,4.91e-20,2.121,218.8,0.999,0.999,0.999,37.0,4.5,56.7,59.5,30.4,29.7,99.96,2.921,2.921,2.921,0.4997,0.4999,0.5,nan,nan
259,6.0,420035000.0,1515.32,1515.31,1515.32,3306.51,250000.0,250000.0,250000.0,4.884e-20,2.126,218.8,0.999,0.999,0.999,38.0,4.4,56.7,59.5,30.5,29.6,99.96,2.958,2.958,2.958,0.4998,0.5,0.5001,nan,nan
260,6.0,420033000.0,1514.36,1514.36,1514.36,3306.53,250000.0,250000.0,250000.0,4.903e-20,2.123,218.8,0.999,0.999,0.999,42.0,4.6,56.7,59.5,30.4,29.7,99.96,2.922,2.922,2.922,0.4998,0.5001,0.5003,nan,nan
261,6.0,420031000.0,1515.67,1515.68,1515.68,3306.29,250000.0,250000.0,250000.0,4.877e-20,2.127,218.8,0.999,0.999,0.999,43.0,4.3,56.7,59.5,30.6,29.8,99.95,2.964,2.964,2.964,0.4994,0.4999,0.5004,nan,nan
262,6.0,420028000.0,1514.36,1514.3,1514.36,3306.33,250000.0,250000.0,250000.0,4.906e-20,2.123,218.8,0.999,0.999,0.999,43.0,4.6,56.7,59.5,30.3,29.6,99.94,2.913,2.913,2.913,0.4996,0.4999,0.5002,nan,nan
263,6.0,420025000.0,1515.84,1515.87,1515.87,3306.3,250000.0,250000.0,250000.0,4.873e-20,2.128,218.8,0.999,0.999,0.999,45.0,4.3,56.7,59.5,30.6,29.8,99.93,2.968,2.968,2.968,0.4995,0.4999,0.5003,nan,nan
264,6.0,420023000.0,1514.31,1514.23,1514.31,3306.31,250000.0,250000.0,250000.0,4.908e-20,2.123,218.8,0.999,0.999,0.999,43.0,4.6,56.7,59.5,30.3,29.7,99.93,2.907,2.907,2.907,0.4997,0.4999,0.5001,nan,nan
265,6.0,0.0,1516.04,1516.08,1516.08,3306.3,250000.0,250000.0,250000.0,4.869e-20,2.129,218.8,0.999,0.999,0.999,38.0,4.4,56.7,59.5,30.6,29.8,99.92,2.97,2.97,2.97,0.4996,0.4998,0.4999,nan,nan
266,6.0,420020000.0,1514.13,1514.12,1514.13,3306.47,250000.0,250000.0,250000.0,4.91e-20,2.122,218.8,0.999,0.999,0.999,37.0,4.6,56.7,59.5,30.3,29.7,99.92,2.902,2.902,2.902,0.4997,0.4999,0.5,nan,nan
267,6.0,420001000.0,1516.16,1516.18,1516.18,3306.48,250000.0,250000.0,250000.0,4.865e-20,2.129,218.8,0.999,0.999,0.999,38.0,4.3,56.7,59.5,30.6,29.8,99.91,2.976,2.976,2.976,0.4996,0.4998,0.5,nan,nan
268,6.0,420003000.0,1514.13,1514.14,1514.14,3306.47,250000.0,250000.0,250000.0,4.912e-20,2.122,218.8,0.999,0.999,0.999,44.0,4.6,56.7,59.5,30.3,29.7,99.91,2.901,2.901,2.901,0.4996,0.4999,0.5002,nan,nan
269,6.0,420007000.0,1516.46,1516.43,1516.46,3306.3,250000.0,250000.0,250000.0,4.863e-20,2.13,218.8,0.999,0.999,0.999,45.0,4.3,56.7,59.5,30.6,29.8,99.91,2.978,2.978,2.978,0.4993,0.4998,0.5002,nan,nan
270,6.0,420035000.0,1514.15,1514.21,1514.21,3306.31,250000.0,250000.0,250000.0,4.915e-20,2.122,218.8,0.999,0.999,0.999,44.0,4.6,56.7,59.5,30.3,29.7,99.91,2.896,2.896,2.896,0.4995,0.4998,0.5002,nan,nan
271,6.0,420037000.0,1516.54,1516.49,1516.54,3306.3,250000.0,250000.0,250000.0,4.862e-20,2.13,218.8,0.999,0.999,0.999,45.0,4.3,56.7,59.5,30.6,29.8,99.9,2.979,2.979,2.979,0.4993,0.4997,0.5001,nan,nan
272,6.0,420007000.0,1514.13,1514.19,1514.19,3306.32,250000.0,250000.0,250000.0,4.916e-20,2.122,218.8,0.999,0.999,0.999,44.0,4.6,56.7,59.5,30.3,29.7,99.9,2.895,2.895,2.895,0.4995,0.4998,0.5001,nan,nan
273,6.0,420011000.0,1516.61,1516.55,1516.61,3306.3,250000.0,250000.0,250000.0,4.861e-20,2.13,218.8,0.999,0.999,0.999,37.0,4.3,56.7,59.5,30.6,29.8,99.9,2.978,2.978,2.978,0.4995,0.4997,0.4998,nan,nan
274,6.0,420007000.0,1514.07,1514.06,1514.07,3306.45,250000.0,250000.0,250000.0,4.916e-20,2.122,218.8,0.999,0.999,0.999,44.0,4.7,56.7,59.5,30.3,29.7,99.9,2.896,2.896,2.896,0.4995,0.4999,0.5002,nan,nan
275,6.0,420009000.0,1516.65,1516.67,1516.67,3306.3,250000.0,250000.0,250000.0,4.86e-20,2.13,218.8,0.999,0.999,0.999,45.0,4.3,56.7,59.5,30.7,29.8,99.9,2.981,2.981,2.981,0.4992,0.4997,0.5002,nan,nan
276,6.0,420008000.0,1514.18,1514.12,1514.18,3306.31,250000.0,250000.0,250000.0,4.917e-20,2.122,218.8,0.999,0.999,0.999,43.0,4.6,56.7,59.5,30.3,29.7,99.9,2.893,2.893,2.893,0.4994,0.4998,0.5002,nan,nan
277,6.0,420029000.0,1516.63,1516.68,1516.68,3306.3,250000.0,250000.0,250000.0,4.86e-20,2.13,218.8,0.999,0.999,0.999,45.0,4.3,56.7,59.5,30.7,29.8,99.9,2.982,2.982,2.982,0.4993,0.4997,0.5001,nan,nan
278,6.0,420030000.0,1514.18,1514.11,1514.18,3306.31,250000.0,250000.0,250000.0,4.917e-20,2.122,218.8,0.999,0.999,0.999,43.0,4.6,56.7,59.5,30.3,29.7,99.9,2.892,2.892,2.892,0.4995,0.4998,0.5001,nan,nan
279,6.0,420029000.0,1516.64,1516.7,1516.7,3306.3,250000.0,250000.0,250000.0,4.86e-20,2.131,218.8,0.999,0.999,0.999,38.0,4.3,56.7,59.5,30.7,29.8,99.9,2.98,2.98,2.98,0.4995,0.4996,0.4997,nan,nan
280,6.0,420007000.0,1514.06,1514.06,1514.06,3306.45,250000.0,250000.0,250000.0,4.917e-20,2.122,218.8,0.999,0.999,0.999,35.0,4.6,56.7,59.5,30.3,29.7,99.9,2.891,2.891,2.891,0.4997,0.4998,0.4999,nan,nan
281,6.0,420009000.0,1516.6,1516.62,1516.62,3306.47,250000.0,250000.0,250000.0,4.859e-20,2.131,218.8,0.999,0.999,0.999,38.0,4.3,56.7,59.5,30.7,29.8,99.9,2.982,2.982,2.982,0.4996,0.4997,0.4998,nan,nan
282,6.0,420007000.0,1514.09,1514.1,1514.1,3306.45,250000.0,250000.0,250000.0,4.917e-20,2.122,218.8,0.999,0.999,0.999,44.0,4.6,56.7,59.5,30.3,29.7,99.9,2.894,2.894,2.894,0.4995,0.4999,0.5002,nan,nan
283,6.0,420010000.0,1516.75,1516.72,1516.75,3306.3,250000.0,250000.0,250000.0,4.859e-20,2.131,218.8,0.999,0.999,0.999,45.0,4.3,56.7,59.5,30.7,29.8,99.9,2.982,2.982,2.982,0.4992,0.4997,0.5002,nan,nan
284,6.0,420007000.0,1514.11,1514.17,1514.17,3306.31,250000.0,250000.0,250000.0,4.917e-20,2.122,218.8,0.999,0.999,0.999,43.0,4.6,56.7,59.5,30.3,29.7,99.9,2.892,2.892,2.892,0.4994,0.4998,0.5001,nan,nan
285,6.5,420027000.0,1520.98,1520.92,1520.98,3306.3,250000.0,250000.0,250000.0,1.67e-21,2.276,237.0,0.999,0.999,0.999,55.0,4.3,56.8,59.5,30.7,29.9,99.88,3.192,3.192,3.192,0.4995,0.4995,0.4995,nan,nan
286,6.5,420007000.0,1516.45,1516.45,1516.45,3306.24,250000.0,250000.0,250000.0,1.685e-21,2.275,237.0,0.999,0.999,0.999,37.0,4.5,57.0,59.6,30.5,29.9,99.87,3.081,3.081,3.081,0.4995,0.4996,0.4997,nan,nan
287,6.5,420010000.0,1519.34,1519.32,1519.34,3306.44,250000.0,250000.0,250000.0,1.658e-21,2.293,237.0,0.999,0.999,0.999,35.0,4.3,57.1,59.6,30.7,29.8,99.88,3.197,3.197,3.197,0.4995,0.4995,0.4995,nan,nan
288,6.5,420007000.0,1516.01,1516.02,1516.02,3306.48,250000.0,250000.0,250000.0,1.681e-21,2.284,237.0,0.999,0.999,0.999,36.0,4.5,57.1,59.6,30.5,29.9,99.88,3.087,3.087,3.087,0.4997,0.4997,0.4997,nan,nan
289,6.5,420010000.0,1519.35,1519.33,1519.35,3306.44,250000.0,250000.0,250000.0,1.656e-21,2.297,237.0,0.999,0.999,0.999,35.0,4.3,57.1,59.6,30.7,29.9,99.88,3.199,3.199,3.199,0.4995,0.4995,0.4995,nan,nan
290,6.5,420007000.0,1515.96,1515.97,1515.97,3306.49,250000.0,250000.0,250000.0,1.679e-21,2.286,237.0,0.999,0.999,0.999,37.0,4.5,57.1,59.6,30.5,29.9,99.88,3.086,3.086,3.086,0.4997,0.4997,0.4997,nan,nan
291,6.5,420026000.0,1519.39,1519.38,1519.39,3306.43,250000.0,250000.0,250000.0,1.654e-21,2.298,237.0,0.999,0.999,0.999,35.0,4.3,57.1,59.6,30.7,29.9,99.88,3.199,3.199,3.199,0.4994,0.4994,0.4995,nan,nan
292,6.5,420029000.0,1515.93,1515.95,1515.95,3306.5,250000.0,250000.0,250000.0,1.679e-21,2.286,237.0,0.999,0.999,0.999,57.0,4.5,57.1,59.6,30.4,29.8,99.88,3.088,3.088,3.088,0.4998,0.4998,0.4998,nan,nan
293,6.5,420026000.0,1519.56,1519.55,1519.56,3306.24,250000.0,250000.0,250000.0,1.654e-21,2.299,237.0,0.999,0.999,0.999,35.0,4.3,57.1,59.6,30.7,29.9,99.88,3.197,3.197,3.197,0.4993,0.4993,0.4993,nan,nan
294,6.5,420008000.0,1515.87,1515.89,1515.89,3306.51,250000.0,250000.0,250000.0,1.678e-21,2.286,237.0,0.999,0.999,0.999,57.0,4.5,57.1,59.6,30.4,29.8,99.88,3.087,3.087,3.087,0.4998,0.4998,0.4998,nan,nan
295,6.5,420009000.0,1519.59,1519.58,1519.59,3306.24,250000.0,250000.0,250000.0,1.653e-21,2.299,237.0,0.999,0.999,0.999,35.0,4.3,57.1,59.6,30.7,29.9,99.87,3.197,3.197,3.197,0.4993,0.4993,0.4993,nan,nan
296,6.5,0.0,1515.86,1515.87,1515.87,3306.52,250000.0,250000.0,250000.0,1.678e-21,2.286,237.0,0.999,0.999,0.999,58.0,4.5,57.1,59.6,30.4,29.8,99.87,3.087,3.087,3.087,0.4998,0.4998,0.4998,nan,nan
297,6.5,420007000.0,1519.62,1519.62,1519.62,3306.24,250000.0,250000.0,250000.0,1.653e-21,2.299,237.0,0.999,0.999,0.999,35.0,4.3,57.1,59.6,30.7,30.0,99.87,3.198,3.198,3.198,0.4993,0.4993,0.4993,nan,nan
298,6.5,420000000.0,1515.85,1515.87,1515.87,3306.52,250000.0,250000.0,250000.0,1.678e-21,2.286,237.0,0.999,0.999,0.999,58.0,4.5,57.1,59.6,30.4,29.8,99.87,3.086,3.086,3.086,0.4998,0.4998,0.4998,nan,nan
299,6.5,420026000.0,1519.64,1519.63,1519.64,3306.24,250000.0,250000.0,250000.0,1.653e-21,2.299,237.0,0.999,0.999,0.999,35.0,4.3,57.1,59.6,30.7,30.0,99.87,3.198,3.198,3.198,0.4992,0.4993,0.4993,nan,nan
300,6.5,420031000.0,1515.85,1515.87,1515.87,3306.52,250000.0,250000.0,250000.0,1.678e-21,2.286,237.0,0.999,0.999,0.999,56.0,4.5,57.1,59.6,30.4,29.8,99.87,3.086,3.086,3.086,0.4998,0.4998,0.4998,nan,nan
301,6.5,420025000.0,1519.65,1519.65,1519.65,3306.24,250000.0,250000.0,250000.0,1.652e-21,2.299,237.0,0.999,0.999,0.999,35.0,4.3,57.1,59.6,30.6,30.0,99.87,3.198,3.198,3.198,0.4992,0.4993,0.4993,nan,nan
302,6.5,420031000.0,1515.85,1515.87,1515.87,3306.52,250000.0,250000.0,250000.0,1.678e-21,2.286,237.0,0.999,0.999,0.999,56.0,4.5,57.1,59.6,30.4,29.8,99.87,3.086,3.086,3.086,0.4998,0.4998,0.4998,nan,nan
303,6.5,420025000.0,1519.66,1519.65,1519.66,3306.24,250000.0,250000.0,250000.0,1.652e-21,2.299,237.0,0.999,0.999,0.999,35.0,4.3,57.1,59.6,30.6,30.0,99.87,3.198,3.198,3.198,0.4992,0.4993,0.4993,nan,nan
304,6.5,420033000.0,1515.85,1515.87,1515.87,3306.52,250000.0,250000.0,250000.0,1.678e-21,2.286,237.0,0.999,0.999,0.999,56.0,4.5,57.1,59.6,30.4,29.8,99.87,3.086,3.086,3.086,0.4997,0.4998,0.4998,nan,nan
305,6.5,420000000.0,1519.66,1519.66,1519.66,3306.24,250000.0,250000.0,250000.0,1.652e-21,2.299,237.0,0.999,0.999,0.999,42.0,4.3,57.1,59.6,30.6,30.0,99.87,3.202,3.202,3.202,0.499,0.4994,0.4997,nan,nan
306,6.5,420034000.0,1516.04,1516.0,1516.04,3306.26,250000.0,250000.0,250000.0,1.678e-21,2.286,237.0,0.999,0.999,0.999,56.0,4.5,57.1,59.6,30.4,29.8,99.87,3.082,3.082,3.082,0.4995,0.4996,0.4997,nan,nan
307,6.5,420000000.0,1519.58,1519.58,1519.58,3306.24,250000.0,250000.0,250000.0,1.652e-21,2.299,237.0,0.999,0.999,0.999,55.0,4.3,57.1,59.6,30.6,30.0,99.87,3.202,3.202,3.202,0.4993,0.4994,0.4995,nan,nan
308,6.5,420035000.0,1516.03,1516.04,1516.04,3306.24,250000.0,250000.0,250000.0,1.678e-21,2.286,237.0,0.999,0.999,0.999,56.0,4.5,57.1,59.6,30.4,29.8,99.87,3.082,3.082,3.082,0.4996,0.4996,0.4997,nan,nan
309,6.5,420000000.0,1519.56,1519.55,1519.56,3306.24,250000.0,250000.0,250000.0,1.652e-21,2.299,237.0,0.999,0.999,0.999,55.0,4.3,57.1,59.6,30.6,30.0,99.87,3.202,3.202,3.202,0.4994,0.4994,0.4995,nan,nan
310,6.5,420035000.0,1516.03,1516.04,1516.04,3306.24,250000.0,250000.0,250000.0,1.678e-21,2.286,237.0,0.999,0.999,0.999,56.0,4.5,57.1,59.6,30.4,29.8,99.87,3.083,3.083,3.083,0.4996,0.4996,0.4997,nan,nan
311,6.5,420000000.0,1519.55,1519.54,1519.55,3306.23,250000.0,250000.0,250000.0,1.652e-21,2.299,237.0,0.999,0.999,0.999,42.0,4.3,57.1,59.6,30.6,30.0,99.87,3.201,3.201,3.201,0.4991,0.4994,0.4997,nan,nan
312,6.5,420036000.0,1516.04,1515.99,1516.04,3306.26,250000.0,250000.0,250000.0,1.677e-21,2.286,237.0,0.999,0.999,0.999,57.0,4.5,57.1,59.6,30.4,29.8,99.87,3.083,3.083,3.083,0.4996,0.4996,0.4997,nan,nan
313,6.5,420000000.0,1519.54,1519.54,1519.54,3306.24,250000.0,250000.0,250000.0,1.652e-21,2.299,237.0,0.999,0.999,0.999,55.0,4.3,57.1,59.6,30.6,30.0,99.87,3.202,3.202,3.202,0.4993,0.4994,0.4995,nan,nan
314,6.5,420036000.0,1516.03,1516.03,1516.03,3306.24,250000.0,250000.0,250000.0,1.678e-21,2.286,237.0,0.999,0.999,0.999,37.0,4.5,57.1,59.6,30.4,29.8,99.87,3.08,3.08,3.08,0.4995,0.4996,0.4996,nan,nan
315,7.0,420000000.0,1523.23,1523.22,1523.23,3306.43,250000.0,250000.0,250000.0,5.642e-23,2.447,255.3,0.999,0.999,0.999,57.0,4.2,57.2,59.6,30.7,30.1,99.87,3.408,3.408,3.408,0.4993,0.4993,0.4993,nan,nan
316,7.0,420036000.0,1518.09,1518.09,1518.09,3306.27,250000.0,250000.0,250000.0,5.73e-23,2.441,255.3,0.999,0.999,0.999,54.0,4.5,57.2,59.6,30.4,29.9,99.86,3.281,3.281,3.281,0.4995,0.4996,0.4997,nan,nan
317,7.0,420000000.0,1521.91,1521.9,1521.91,3306.24,250000.0,250000.0,250000.0,5.615e-23,2.461,255.3,0.999,0.999,0.999,56.0,4.3,57.2,59.7,30.7,30.1,99.87,3.411,3.411,3.411,0.4992,0.4993,0.4993,nan,nan
318,7.0,420003000.0,1517.83,1517.83,1517.83,3306.27,250000.0,250000.0,250000.0,5.701e-23,2.449,255.3,0.999,0.999,0.999,56.0,4.5,57.3,59.7,30.4,29.9,99.87,3.284,3.284,3.284,0.4996,0.4996,0.4997,nan,nan
319,7.0,420000000.0,1521.81,1521.81,1521.81,3306.24,250000.0,250000.0,250000.0,5.596e-23,2.466,255.3,0.999,0.999,0.999,57.0,4.3,57.3,59.7,30.7,30.1,99.87,3.412,3.412,3.412,0.4992,0.4992,0.4993,nan,nan
320,7.0,419999000.0,1517.8,1517.8,1517.8,3306.27,250000.0,250000.0,250000.0,5.69e-23,2.451,255.3,0.999,0.999,0.999,56.0,4.5,57.3,59.7,30.4,29.9,99.87,3.285,3.285,3.285,0.4996,0.4996,0.4997,nan,nan
321,7.0,420000000.0,1521.79,1521.78,1521.79,3306.24,250000.0,250000.0,250000.0,5.589e-23,2.467,255.3,0.999,0.999,0.999,57.0,4.3,57.3,59.7,30.7,30.1,99.87,3.412,3.412,3.412,0.4992,0.4992,0.4993,nan,nan
322,7.0,419999000.0,1517.79,1517.79,1517.79,3306.27,250000.0,250000.0,250000.0,5.686e-23,2.451,255.3,0.999,0.999,0.999,56.0,4.5,57.3,59.7,30.4,29.9,99.87,3.285,3.285,3.285,0.4996,0.4996,0.4997,nan,nan
323,7.0,419999000.0,1521.77,1521.78,1521.78,3306.24,250000.0,250000.0,250000.0,5.587e-23,2.467,255.3,0.999,0.999,0.999,57.0,4.3,57.3,59.7,30.7,30.1,99.87,3.412,3.412,3.412,0.4992,0.4992,0.4993,nan,nan
324,7.0,420003000.0,1517.79,1517.79,1517.79,3306.27,250000.0,250000.0,250000.0,5.684e-23,2.452,255.3,0.999,0.999,0.999,56.0,4.5,57.3,59.7,30.4,29.9,99.87,3.285,3.285,3.285,0.4996,0.4996,0.4997,nan,nan
325,7.0,420000000.0,1521.77,1521.77,1521.77,3306.24,250000.0,250000.0,250000.0,5.586e-23,2.467,255.3,0.999,0.999,0.999,57.0,4.3,57.3,59.7,30.7,30.1,99.87,3.412,3.412,3.412,0.4992,0.4992,0.4993,nan,nan
326,7.0,419999000.0,1517.79,1517.79,1517.79,3306.27,250000.0,250000.0,250000.0,5.684e-23,2.452,255.3,0.999,0.999,0.999,56.0,4.5,57.3,59.7,30.4,29.9,99.87,3.285,3.285,3.285,0.4996,0.4996,0.4997,nan,nan
327,7.0,0.0,1521.76,1521.77,1521.77,3306.24,250000.0,250000.0,250000.0,5.585e-23,2.467,255.3,0.999,0.999,0.999,57.0,4.3,57.3,59.7,30.7,30.1,99.87,3.412,3.412,3.412,0.4992,0.4992,0.4993,nan,nan
328,7.0,420024000.0,1517.78,1517.78,1517.78,3306.27,250000.0,250000.0,250000.0,5.683e-23,2.452,255.3,0.999,0.999,0.999,56.0,4.5,57.3,59.7,30.4,29.9,99.87,3.285,3.285,3.285,0.4996,0.4996,0.4997,nan,nan
329,7.0,420003000.0,1521.77,1521.76,1521.77,3306.24,250000.0,250000.0,250000.0,5.585e-23,2.467,255.3,0.999,0.999,0.999,57.0,4.3,57.3,59.7,30.7,30.1,99.87,3.412,3.412,3.412,0.4992,0.4992,0.4993,nan,nan
330,7.0,419999000.0,1517.78,1517.78,1517.78,3306.27,250000.0,250000.0,250000.0,5.683e-23,2.452,255.3,0.999,0.999,0.999,38.0,4.5,57.3,59.7,30.4,29.9,99.87,3.285,3.285,3.285,0.4994,0.4996,0.4998,nan,nan
331,7.0,420004000.0,1521.78,1521.73,1521.78,3306.25,250000.0,250000.0,250000.0,5.584e-23,2.467,255.3,0.999,0.999,0.999,57.0,4.3,57.3,59.7,30.7,30.1,99.87,3.412,3.412,3.412,0.4992,0.4992,0.4993,nan,nan
332,7.0,420000000.0,1517.79,1517.78,1517.79,3306.27,250000.0,250000.0,250000.0,5.682e-23,2.452,255.3,0.999,0.999,0.999,56.0,4.5,57.3,59.7,30.4,29.9,99.87,3.285,3.285,3.285,0.4996,0.4996,0.4997,nan,nan
333,7.0,420004000.0,1521.77,1521.75,1521.77,3306.24,250000.0,250000.0,250000.0,5.584e-23,2.467,255.3,0.999,0.999,0.999,57.0,4.3,57.3,59.7,30.7,30.1,99.87,3.412,3.412,3.412,0.4992,0.4992,0.4992,nan,nan
334,7.0,420000000.0,1517.79,1517.78,1517.79,3306.27,250000.0,250000.0,250000.0,5.682e-23,2.452,255.3,0.999,0.999,0.999,56.0,4.5,57.3,59.7,30.4,29.9,99.87,3.285,3.285,3.285,0.4996,0.4996,0.4997,nan,nan
335,7.0,420004000.0,1521.77,1521.75,1521.77,3306.24,250000.0,250000.0,250000.0,5.584e-23,2.467,255.3,0.999,0.999,0.999,57.0,4.3,57.3,59.7,30.7,30.1,99.87,3.412,3.412,3.412,0.4992,0.4992,0.4992,nan,nan
336,7.0,420000000.0,1517.79,1517.78,1517.79,3306.27,250000.0,250000.0,250000.0,5.682e-23,2.452,255.3,0.999,0.999,0.999,56.0,4.5,57.3,59.7,30.4,29.9,99.87,3.285,3.285,3.285,0.4996,0.4996,0.4997,nan,nan
337,7.0,420004000.0,1521.77,1521.75,1521.77,3306.24,250000.0,250000.0,250000.0,5.584e-23,2.467,255.3,0.999,0.999,0.999,57.0,4.3,57.3,59.7,30.7,30.1,99.87,3.412,3.412,3.412,0.4992,0.4992,0.4992,nan,nan
338,7.0,420000000.0,1517.78,1517.78,1517.78,3306.27,250000.0,250000.0,250000.0,5.682e-23,2.452,255.3,0.999,0.999,0.999,56.0,4.5,57.3,59.7,30.4,29.9,99.87,3.285,3.285,3.285,0.4996,0.4996,0.4997,nan,nan
339,7.0,420004000.0,1521.77,1521.75,1521.77,3306.24,250000.0,250000.0,250000.0,5.584e-23,2.467,255.3,0.999,0.999,0.999,57.0,4.3,57.3,59.7,30.7,30.1,99.87,3.412,3.412,3.412,0.4992,0.4992,0.4992,nan,nan
340,7.0,420000000.0,1517.78,1517.78,1517.78,3306.27,250000.0,250000.0,250000.0,5.682e-23,2.452,255.3,0.999,0.999,0.999,56.0,4.5,57.3,59.7,30.4,29.9,99.87,3.285,3.285,3.285,0.4996,0.4996,0.4997,nan,nan
341,7.0,420004000.0,1521.77,1521.75,1521.77,3306.24,250000.0,250000.0,250000.0,5.584e-23,2.467,255.3,0.999,0.999,0.999,57.0,4.3,57.3,59.7,30.7,30.1,99.87,3.412,3.412,3.412,0.4992,0.4992,0.4992,nan,nan
342,7.0,420000000.0,1517.78,1517.78,1517.78,3306.27,250000.0,250000.0,250000.0,5.682e-23,2.452,255.3,0.999,0.999,0.999,56.0,4.5,57.3,59.7,30.4,29.9,99.87,3.285,3.285,3.285,0.4996,0.4996,0.4997,nan,nan
343,7.0,420004000.0,1521.76,1521.75,1521.76,3306.24,250000.0,250000.0,250000.0,5.584e-23,2.467,255.3,0.999,0.999,0.999,57.0,4.3,57.3,59.7,30.7,30.1,99.87,3.412,3.412,3.412,0.4992,0.4992,0.4992,nan,nan
344,7.0,420001000.0,1517.78,1517.78,1517.78,3306.27,250000.0,250000.0,250000.0,5.682e-23,2.452,255.3,0.999,0.999,0.999,56.0,4.5,57.3,59.7,30.4,29.9,99.87,3.285,3.285,3.285,0.4996,0.4996,0.4997,nan,nan
345,7.5,420004000.0,1525.22,1525.2,1525.22,3306.24,250000.0,250000.0,250000.0,1.898e-24,2.616,273.5,0.999,0.999,0.999,54.0,4.2,57.5,59.7,30.7,30.2,99.87,3.616,3.616,3.616,0.499,0.499,0.4991,nan,nan
346,7.5,420000000.0,1519.59,1519.58,1519.59,3306.24,250000.0,250000.0,250000.0,1.92e-24,2.608,273.5,0.999,0.999,0.999,47.0,4.5,57.5,59.8,30.4,29.9,99.86,3.482,3.482,3.482,0.4995,0.4995,0.4995,nan,nan
347,7.5,420004000.0,1523.86,1523.85,1523.86,3306.23,250000.0,250000.0,250000.0,1.877e-24,2.63,273.5,0.999,0.999,0.999,41.0,4.3,57.6,59.8,30.7,30.2,99.87,3.621,3.621,3.621,0.499,0.4991,0.4991,nan,nan
348,7.5,420000000.0,1519.44,1519.44,1519.44,3306.23,250000.0,250000.0,250000.0,1.914e-24,2.616,273.5,0.999,0.999,0.999,46.0,4.5,57.6,59.8,30.4,29.9,99.86,3.485,3.485,3.485,0.4995,0.4995,0.4995,nan,nan
349,7.5,420004000.0,1523.78,1523.77,1523.78,3306.23,250000.0,250000.0,250000.0,1.876e-24,2.634,273.5,0.999,0.999,0.999,41.0,4.3,57.6,59.7,30.7,30.2,99.86,3.622,3.622,3.622,0.499,0.499,0.4991,nan,nan
350,7.5,420000000.0,1519.43,1519.42,1519.43,3306.23,250000.0,250000.0,250000.0,1.913e-24,2.617,273.5,0.999,0.999,0.999,48.0,4.5,57.6,59.8,30.4,29.9,99.86,3.485,3.485,3.485,0.4995,0.4995,0.4996,nan,nan
351,7.5,420004000.0,1523.76,1523.75,1523.76,3306.24,250000.0,250000.0,250000.0,1.875e-24,2.635,273.5,0.999,0.999,0.999,41.0,4.3,57.6,59.7,30.7,30.2,99.86,3.623,3.623,3.623,0.499,0.4991,0.4991,nan,nan
352,7.5,420000000.0,1519.42,1519.42,1519.42,3306.23,250000.0,250000.0,250000.0,1.912e-24,2.618,273.5,0.999,0.999,0.999,43.0,4.5,57.6,59.8,30.4,30.0,99.86,3.485,3.485,3.485,0.4995,0.4996,0.4996,nan,nan
353,7.5,420004000.0,1523.74,1523.73,1523.74,3306.25,250000.0,250000.0,250000.0,1.875e-24,2.635,273.5,0.999,0.999,0.999,41.0,4.3,57.6,59.7,30.7,30.2,99.86,3.623,3.623,3.623,0.4991,0.4991,0.4991,nan,nan
354,7.5,420000000.0,1519.42,1519.42,1519.42,3306.23,250000.0,250000.0,250000.0,1.912e-24,2.618,273.5,0.999,0.999,0.999,43.0,4.5,57.6,59.8,30.4,30.0,99.86,3.485,3.485,3.485,0.4995,0.4996,0.4996,nan,nan
355,7.5,420004000.0,1523.74,1523.73,1523.74,3306.25,250000.0,250000.0,250000.0,1.875e-24,2.635,273.5,0.999,0.999,0.999,41.0,4.3,57.6,59.7,30.7,30.2,99.86,3.623,3.623,3.623,0.499,0.4991,0.4991,nan,nan
356,7.5,420000000.0,1519.42,1519.42,1519.42,3306.23,250000.0,250000.0,250000.0,1.912e-24,2.618,273.5,0.999,0.999,0.999,47.0,4.5,57.6,59.8,30.4,30.0,99.86,3.485,3.485,3.485,0.4995,0.4995,0.4995,nan,nan
357,7.5,420004000.0,1523.75,1523.74,1523.75,3306.23,250000.0,250000.0,250000.0,1.875e-24,2.635,273.5,0.999,0.999,0.999,52.0,4.3,57.6,59.8,30.7,30.2,99.86,3.622,3.622,3.622,0.4991,0.4991,0.4991,nan,nan
358,7.5,0.0,1519.41,1519.41,1519.41,3306.24,250000.0,250000.0,250000.0,1.912e-24,2.618,273.5,0.999,0.999,0.999,44.0,4.5,57.6,59.8,30.4,30.0,99.86,3.485,3.485,3.485,0.4996,0.4996,0.4996,nan,nan
359,7.5,420000000.0,1523.74,1523.73,1523.74,3306.25,250000.0,250000.0,250000.0,1.874e-24,2.635,273.5,0.999,0.999,0.999,41.0,4.3,57.6,59.8,30.7,30.2,99.86,3.623,3.623,3.623,0.499,0.4991,0.4991,nan,nan
360,7.5,420000000.0,1519.42,1519.42,1519.42,3306.23,250000.0,250000.0,250000.0,1.912e-24,2.618,273.5,0.999,0.999,0.999,44.0,4.5,57.6,59.8,30.4,30.0,99.86,3.485,3.485,3.485,0.4995,0.4996,0.4996,nan,nan
361,7.5,419999000.0,1523.73,1523.73,1523.73,3306.25,250000.0,250000.0,250000.0,1.874e-24,2.635,273.5,0.999,0.999,0.999,41.0,4.3,57.6,59.8,30.7,30.2,99.86,3.623,3.623,3.623,0.499,0.4991,0.4991,nan,nan
362,7.5,419998000.0,1519.42,1519.42,1519.42,3306.23,250000.0,250000.0,250000.0,1.912e-24,2.618,273.5,0.999,0.999,0.999,44.0,4.5,57.6,59.8,30.4,30.0,99.86,3.485,3.485,3.485,0.4995,0.4996,0.4996,nan,nan
363,7.5,419999000.0,1523.73,1523.73,1523.73,3306.25,250000.0,250000.0,250000.0,1.874e-24,2.635,273.5,0.999,0.999,0.999,41.0,4.3,57.6,59.8,30.7,30.2,99.86,3.623,3.623,3.623,0.499,0.4991,0.4991,nan,nan
364,7.5,419999000.0,1519.42,1519.42,1519.42,3306.23,250000.0,250000.0,250000.0,1.912e-24,2.618,273.5,0.999,0.999,0.999,44.0,4.5,57.6,59.8,30.4,30.0,99.86,3.485,3.485,3.485,0.4995,0.4996,0.4996,nan,nan
365,7.5,420001000.0,1523.73,1523.73,1523.73,3306.25,250000.0,250000.0,250000.0,1.874e-24,2.635,273.5,0.999,0.999,0.999,41.0,4.3,57.6,59.8,30.7,30.2,99.86,3.623,3.623,3.623,0.499,0.4991,0.4991,nan,nan
366,7.5,419999000.0,1519.42,1519.42,1519.42,3306.23,250000.0,250000.0,250000.0,1.912e-24,2.618,273.5,0.999,0.999,0.999,44.0,4.5,57.6,59.8,30.4,30.0,99.86,3.485,3.485,3.485,0.4995,0.4996,0.4996,nan,nan
367,7.5,420002000.0,1523.73,1523.72,1523.73,3306.25,250000.0,250000.0,250000.0,1.874e-24,2.635,273.5,0.999,0.999,0.999,41.0,4.3,57.6,59.8,30.7,30.2,99.86,3.623,3.623,3.623,0.499,0.4991,0.4991,nan,nan
368,7.5,419999000.0,1519.42,1519.42,1519.42,3306.23,250000.0,250000.0,250000.0,1.912e-24,2.618,273.5,0.999,0.999,0.999,44.0,4.5,57.6,59.8,30.4,30.0,99.86,3.485,3.485,3.485,0.4995,0.4996,0.4996,nan,nan
369,7.5,420002000.0,1523.72,1523.73,1523.73,3306.25,250000.0,250000.0,250000.0,1.874e-24,2.635,273.5,0.999,0.999,0.999,41.0,4.3,57.6,59.8,30.7,30.2,99.86,3.623,3.623,3.623,0.499,0.4991,0.4991,nan,nan
370,7.5,419999000.0,1519.42,1519.42,1519.42,3306.23,250000.0,250000.0,250000.0,1.912e-24,2.618,273.5,0.999,0.999,0.999,44.0,4.5,57.6,59.8,30.4,30.0,99.86,3.485,3.485,3.485,0.4995,0.4996,0.4996,nan,nan
371,7.5,419999000.0,1523.72,1523.72,1523.72,3306.25,250000.0,250000.0,250000.0,1.874e-24,2.635,273.5,0.999,0.999,0.999,41.0,4.3,57.6,59.8,30.7,30.2,99.86,3.623,3.623,3.623,0.499,0.4991,0.4991,nan,nan
372,7.5,420000000.0,1519.42,1519.42,1519.42,3306.23,250000.0,250000.0,250000.0,1.912e-24,2.618,273.5,0.999,0.999,0.999,44.0,4.5,57.6,59.8,30.4,30.0,99.86,3.485,3.485,3.485,0.4995,0.4996,0.4996,nan,nan
373,7.5,420002000.0,1523.72,1523.72,1523.72,3306.25,250000.0,250000.0,250000.0,1.874e-24,2.635,273.5,0.999,0.999,0.999,41.0,4.3,57.6,59.8,30.7,30.2,99.86,3.623,3.623,3.623,0.499,0.4991,0.4991,nan,nan
374,7.5,419999000.0,1519.42,1519.42,1519.42,3306.23,250000.0,250000.0,250000.0,1.911e-24,2.618,273.5,0.999,0.999,0.999,44.0,4.5,57.6,59.8,30.4,30.0,99.86,3.485,3.485,3.485,0.4995,0.4996,0.4996,nan,nan
375,8.0,420002000.0,1526.87,1526.87,1526.87,3306.25,250000.0,250000.0,250000.0,6.335e-26,2.785,291.7,0.999,0.999,0.999,45.0,4.2,57.8,59.8,30.8,30.2,99.86,3.824,3.824,3.824,0.4988,0.4988,0.4988,nan,nan
376,8.0,419999000.0,1520.94,1520.94,1520.94,3306.32,250000.0,250000.0,250000.0,6.472e-26,2.774,291.7,0.999,0.999,0.999,42.0,4.5,57.8,59.8,30.4,30.0,99.85,3.678,3.678,3.678,0.4993,0.4994,0.4994,nan,nan
377,8.0,420002000.0,1525.61,1525.62,1525.62,3306.48,250000.0,250000.0,250000.0,6.333e-26,2.799,291.7,0.999,0.999,0.999,44.0,4.2,57.9,59.8,30.8,30.2,99.86,3.834,3.834,3.834,0.499,0.499,0.499,nan,nan
378,8.0,419999000.0,1520.89,1520.89,1520.89,3306.33,250000.0,250000.0,250000.0,6.468e-26,2.781,291.7,0.999,0.999,0.999,42.0,4.5,57.9,59.8,30.4,30.0,99.86,3.68,3.68,3.68,0.4993,0.4994,0.4994,nan,nan
379,8.0,420002000.0,1525.55,1525.55,1525.55,3306.5,250000.0,250000.0,250000.0,6.331e-26,2.802,291.7,0.999,0.999,0.999,45.0,4.2,57.9,59.8,30.8,30.2,99.86,3.835,3.835,3.835,0.499,0.499,0.499,nan,nan
380,8.0,419999000.0,1520.89,1520.89,1520.89,3306.32,250000.0,250000.0,250000.0,6.466e-26,2.783,291.7,0.999,0.999,0.999,42.0,4.5,57.9,59.8,30.4,30.0,99.86,3.68,3.68,3.68,0.4993,0.4993,0.4994,nan,nan
381,8.0,420002000.0,1525.53,1525.54,1525.54,3306.51,250000.0,250000.0,250000.0,6.331e-26,2.803,291.7,0.999,0.999,0.999,45.0,4.2,57.9,59.8,30.8,30.2,99.86,3.836,3.836,3.836,0.4989,0.499,0.499,nan,nan
382,8.0,419999000.0,1520.89,1520.89,1520.89,3306.32,250000.0,250000.0,250000.0,6.466e-26,2.783,291.7,0.999,0.999,0.999,42.0,4.5,57.9,59.8,30.4,30.0,99.86,3.68,3.68,3.68,0.4993,0.4993,0.4994,nan,nan
383,8.0,420002000.0,1525.53,1525.52,1525.53,3306.52,250000.0,250000.0,250000.0,6.33e-26,2.803,291.7,0.999,0.999,0.999,44.0,4.2,57.9,59.8,30.8,30.2,99.86,3.836,3.836,3.836,0.4989,0.499,0.499,nan,nan
384,8.0,419999000.0,1520.9,1520.9,1520.9,3306.32,250000.0,250000.0,250000.0,6.465e-26,2.783,291.7,0.999,0.999,0.999,43.0,4.5,57.9,59.8,30.4,30.0,99.86,3.679,3.679,3.679,0.4993,0.4993,0.4994,nan,nan
385,8.0,420002000.0,1525.52,1525.53,1525.53,3306.52,250000.0,250000.0,250000.0,6.33e-26,2.803,291.7,0.999,0.999,0.999,44.0,4.2,57.9,59.8,30.8,30.2,99.86,3.836,3.836,3.836,0.4989,0.499,0.499,nan,nan
386,8.0,419999000.0,1520.9,1520.9,1520.9,3306.32,250000.0,250000.0,250000.0,6.465e-26,2.783,291.7,0.999,0.999,0.999,43.0,4.5,57.9,59.8,30.4,30.0,99.86,3.679,3.679,3.679,0.4993,0.4993,0.4994,nan,nan
387,8.0,420002000.0,1525.52,1525.51,1525.52,3306.52,250000.0,250000.0,250000.0,6.33e-26,2.803,291.7,0.999,0.999,0.999,44.0,4.2,57.9,59.8,30.8,30.2,99.86,3.836,3.836,3.836,0.4989,0.499,0.499,nan,nan
388,8.0,419999000.0,1520.9,1520.9,1520.9,3306.32,250000.0,250000.0,250000.0,6.465e-26,2.783,291.7,0.999,0.999,0.999,43.0,4.5,57.9,59.8,30.4,30.0,99.86,3.679,3.679,3.679,0.4993,0.4993,0.4994,nan,nan
389,8.0,0.0,1525.51,1525.52,1525.52,3306.52,250000.0,250000.0,250000.0,6.33e-26,2.803,291.7,0.999,0.999,0.999,40.0,4.2,57.9,59.8,30.8,30.2,99.86,3.836,3.836,3.836,0.499,0.499,0.499,nan,nan
390,8.0,420002000.0,1520.9,1520.9,1520.9,3306.32,250000.0,250000.0,250000.0,6.464e-26,2.783,291.7,0.999,0.999,0.999,43.0,4.5,57.9,59.8,30.4,30.0,99.86,3.679,3.679,3.679,0.4993,0.4993,0.4994,nan,nan
391,8.0,420010000.0,1525.52,1525.51,1525.52,3306.52,250000.0,250000.0,250000.0,6.33e-26,2.803,291.7,0.999,0.999,0.999,40.0,4.2,57.9,59.8,30.8,30.2,99.86,3.836,3.836,3.836,0.499,0.499,0.499,nan,nan
392,8.0,420031000.0,1520.9,1520.9,1520.9,3306.32,250000.0,250000.0,250000.0,6.464e-26,2.783,291.7,0.999,0.999,0.999,43.0,4.5,57.9,59.8,30.4,30.0,99.86,3.679,3.679,3.679,0.4993,0.4993,0.4994,nan,nan
393,8.0,420011000.0,1525.51,1525.52,1525.52,3306.52,250000.0,250000.0,250000.0,6.33e-26,2.803,291.7,0.999,0.999,0.999,40.0,4.2,57.9,59.8,30.8,30.2,99.86,3.836,3.836,3.836,0.499,0.499,0.499,nan,nan
394,8.0,420034000.0,1520.9,1520.9,1520.9,3306.32,250000.0,250000.0,250000.0,6.464e-26,2.783,291.7,0.999,0.999,0.999,43.0,4.5,57.9,59.8,30.4,30.0,99.86,3.679,3.679,3.679,0.4993,0.4993,0.4994,nan,nan
395,8.0,420011000.0,1525.51,1525.51,1525.51,3306.52,250000.0,250000.0,250000.0,6.33e-26,2.803,291.7,0.999,0.999,0.999,40.0,4.2,57.9,59.8,30.8,30.2,99.86,3.836,3.836,3.836,0.499,0.499,0.499,nan,nan
396,8.0,420035000.0,1520.9,1520.9,1520.9,3306.32,250000.0,250000.0,250000.0,6.464e-26,2.783,291.7,0.999,0.999,0.999,43.0,4.5,57.9,59.8,30.4,30.0,99.86,3.679,3.679,3.679,0.4993,0.4993,0.4994,nan,nan
397,8.0,420011000.0,1525.51,1525.51,1525.51,3306.52,250000.0,250000.0,250000.0,6.33e-26,2.803,291.7,0.999,0.999,0.999,40.0,4.2,57.9,59.8,30.8,30.2,99.86,3.836,3.836,3.836,0.499,0.499,0.499,nan,nan
398,8.0,420036000.0,1520.9,1520.9,1520.9,3306.32,250000.0,250000.0,250000.0,6.464e-26,2.783,291.7,0.999,0.999,0.999,43.0,4.5,57.9,59.8,30.4,30.0,99.86,3.679,3.679,3.679,0.4993,0.4993,0.4994,nan,nan
399,8.0,420010000.0,1525.51,1525.51,1525.51,3306.52,250000.0,250000.0,250000.0,6.33e-26,2.803,291.7,0.999,0.999,0.999,40.0,4.2,57.9,59.8,30.8,30.2,99.86,3.836,3.836,3.836,0.499,0.499,0.499,nan,nan
400,8.0,420035000.0,1520.9,1520.9,1520.9,3306.32,250000.0,250000.0,250000.0,6.464e-26,2.783,291.7,0.999,0.999,0.999,43.0,4.5,57.9,59.8,30.4,30.0,99.86,3.679,3.679,3.679,0.4993,0.4993,0.4994,nan,nan
401,8.0,420010000.0,1525.5,1525.51,1525.51,3306.52,250000.0,250000.0,250000.0,6.33e-26,2.803,291.7,0.999,0.999,0.999,40.0,4.2,57.9,59.8,30.8,30.2,99.86,3.836,3.836,3.836,0.499,0.499,0.499,nan,nan
402,8.0,420036000.0,1520.9,1520.9,1520.9,3306.32,250000.0,250000.0,250000.0,6.464e-26,2.783,291.7,0.999,0.999,0.999,43.0,4.5,57.9,59.8,30.4,30.0,99.86,3.679,3.679,3.679,0.4993,0.4993,0.4994,nan,nan
403,8.0,420010000.0,1525.51,1525.5,1525.51,3306.52,250000.0,250000.0,250000.0,6.329e-26,2.803,291.7,0.999,0.999,0.999,40.0,4.2,57.9,59.8,30.8,30.2,99.86,3.836,3.836,3.836,0.499,0.499,0.499,nan,nan
404,8.0,420036000.0,1520.9,1520.9,1520.9,3306.32,250000.0,250000.0,250000.0,6.464e-26,2.783,291.7,0.999,0.999,0.999,43.0,4.5,57.9,59.8,30.4,30.0,99.86,3.679,3.679,3.679,0.4993,0.4993,0.4994,nan,nan
405,nan,420010000.0,nan,nan,nan,nan,nan,nan,nan,nan,nan,nan,nan,nan,nan,nan,nan,nan,nan,nan,nan,nan,nan,nan,nan,nan,nan,nan,nan,nan
406,nan,420036000.0,nan,nan,nan,nan,nan,nan,nan,nan,nan,nan,nan,nan,nan,nan,nan,nan,nan,nan,nan,nan,nan,nan,nan,nan,nan,nan,nan,nan
407,nan,420010000.0,nan,nan,nan,nan,nan,nan,nan,nan,nan,nan,nan,nan,nan,nan,nan,nan,nan,nan,nan,nan,nan,nan,nan,nan,nan,nan,nan,nan
408,nan,420036000.0,nan,nan,nan,nan,nan,nan,nan,nan,nan,nan,nan,nan,nan,nan,nan,nan,nan,nan,nan,nan,nan,nan,nan,nan,nan,nan,nan,nan
409,nan,420010000.0,nan,nan,nan,nan,nan,nan,nan,nan,nan,nan,nan,nan,nan,nan,nan,nan,nan,nan,nan,nan,nan,nan,nan,nan,nan,nan,nan,nan
410,nan,420036000.0,nan,nan,nan,nan,nan,nan,nan,nan,nan,nan,nan,nan,nan,nan,nan,nan,nan,nan,nan,nan,nan,nan,nan,nan,nan,nan,nan,nan
411,nan,420010000.0,nan,nan,nan,nan,nan,nan,nan,nan,nan,nan,nan,nan,nan,nan,nan,nan,nan,nan,nan,nan,nan,nan,nan,nan,nan,nan,nan,nan
412,nan,420036000.0,nan,nan,nan,nan,nan,nan,nan,nan,nan,nan,nan,nan,nan,nan,nan,nan,nan,nan,nan,nan,nan,nan,nan,nan,nan,nan,nan,nan
413,nan,420010000.0,nan,nan,nan,nan,nan,nan,nan,nan,nan,nan,nan,nan,nan,nan,nan,nan,nan,nan,nan,nan,nan,nan,nan,nan,nan,nan,nan,nan
414,nan,420036000.0,nan,nan,nan,nan,nan,nan,nan,nan,nan,nan,nan,nan,nan,nan,nan,nan,nan,nan,nan,nan,nan,nan,nan,nan,nan,nan,nan,nan
415,nan,420010000.0,nan,nan,nan,nan,nan,nan,nan,nan,nan,nan,nan,nan,nan,nan,nan,nan,nan,nan,nan,nan,nan,nan,nan,nan,nan,nan,nan,nan
416,nan,420036000.0,nan,nan,nan,nan,nan,nan,nan,nan,nan,nan,nan,nan,nan,nan,nan,nan,nan,nan,nan,nan,nan,nan,nan,nan,nan,nan,nan,nan
417,nan,420010000.0,nan,nan,nan,nan,nan,nan,nan,nan,nan,nan,nan,nan,nan,nan,nan,nan,nan,nan,nan,nan,nan,nan,nan,nan,nan,nan,nan,nan
418,nan,420036000.0,nan,nan,nan,nan,nan,nan,nan,nan,nan,nan,nan,nan,nan,nan,nan,nan,nan,nan,nan,nan,nan,nan,nan,nan,nan,nan,nan,nan
419,nan,420010000.0,nan,nan,nan,nan,nan,nan,nan,nan,nan,nan,nan,nan,nan,nan,nan,nan,nan,nan,nan,nan,nan,nan,nan,nan,nan,nan,nan,nan
